<?xml version="1.0" encoding="UTF-8"?>
<!DOCTYPE mapper PUBLIC "-//mybatits.org//DTD Mapper 3.0//En" "http://mybatis.org/dtd/mybatis-3-mapper.dtd">
<mapper namespace="com.bitc.board.mapper.DfMapper">
    <select id="selectDfList" parameterType="com.bitc.board.dto.DfDto" resultType="com.bitc.board.dto.DfDto">
        <![CDATA[
            select
                idx, tradeTypeName, rentPrc, dealOrWarrantPrc, area2, floorEstate, floorBuilding, latitude, longitude, flowPop
            from
                f_traffic
            where
                area2>=#{area2}
                    and
                rentPrc >= #{rentPrc}
	    ]]>
    </select>

    <select id="openDfList" resultType="com.bitc.board.dto.DfDto">
        <![CDATA[
        select
            latitude, longitude
        from
            f_traffic
        ]]>
    </select>

    <select id="selectEmpList" resultType="com.bitc.board.dto.DfDto">
		<![CDATA[
        SELECT
            latitude, longitude
        FROM
            f_traffic
        ]]>
	</select>

    <select id="findEmpList" parameterType="Map" resultType="com.bitc.board.dto.DfDto">
		<![CDATA[
        select
            idx, tradeTypeName, rentPrc, dealOrWarrantPrc, area2, floorEstate, floorBuilding, latitude, longitude, flowPop
        from
            f_traffic
        where
            area2>=#{minArea}
                and
            area2<=#{maxArea}
                and
            rentPrc >= #{minRentPrc}
                and
            rentPrc <= #{maxRentPrc}
                and
            (#{includeBase} = 1 or (#{includeBase} = 0 and floorEstate > 0))
        ]]>
	</select>

    <select id="findByIndex" parameterType="int" resultType="com.bitc.board.dto.DfDto">
        <![CDATA[
        select
            idx, tradeTypeName, rentPrc, dealOrWarrantPrc, area2, floorEstate, floorBuilding, latitude, longitude, flowPop
        from
            f_traffic
        where
            idx = #{idx}
        ]]>
    </select>

    <select id="findByRank" parameterType="int" resultType="com.bitc.board.dto.DfDto">
        <![CDATA[
        select
            idx, tradeTypeName, rentPrc, dealOrWarrantPrc, area2, floorEstate, floorBuilding, latitude, longitude, flowPop
        from
            f_traffic
        ]]>
    </select>

    <select id="findBestEstate" parameterType="Map" resultType="com.bitc.board.dto.DfDto">
        <![CDATA[
        select
            rankIndex, tradeTypeName, rentPrc, dealOrWarrantPrc, area2, floorEstate, floorBuilding, latitude, longitude, flowPop, busN, parkingN, cafeN, bicycleN, subwayN, subwayD, schoolN, storeR, restN, score, n2Prc, pricePerArea, costEf, costEfRank, scoreRank, totalRank
        from
            estate_rank
        where
            (6371*acos(cos(radians(#{lat}))*cos(radians(latitude))*cos(radians(longitude)-radians(#{lng}))+sin(radians(#{lat}))*sin(radians(latitude)))) * 1000 <= #{radius}
        limit 10;
        ]]>
    </select>
</mapper>