tradeTypeName,rentPrc,dealOrWarrantPrc,area2,floorInfo,direction,latitude,longitude,flow_pop
월세,800,1억,151,1/10,남향,37.57701,126.896961,316
월세,340,"4,000",78,1/3,서향,37.577,126.896647,316
매매,0,"12억 5,000",42,1/22,북향,37.544876,126.947963,4339
월세,290,"3,000",154,2/4,북향,37.577464,126.893779,316
월세,300,"7,000",71,B1/37,남향,37.540049,126.945477,1900
월세,250,"5,000",27,B1/15,동향,37.554092,126.936768,1904
월세,220,"2,000",33,1/3,남서향,37.559363,126.907416,1158
월세,130,"3,000",42,1/2,,37.546083,126.93954,1941
월세,400,1억,63,1/3,남서향,37.553523,126.946294,2542
월세,600,1억,82,1/3,남서향,37.552979,126.947721,2526
매매,0,8억,24,B1/2,북서향,37.545622,126.948784,2554
월세,450,1억,85,1/7,남향,37.555422,126.91509,1359
월세,350,"5,000",46,1/5,남서향,37.542316,126.944642,2969
월세,100,"3,000",31,1/2,남서향,37.550942,126.913787,3589
월세,190,"3,500",50,1/5,남동향,37.561109,126.920106,1660
월세,80,"2,000",53,B1/4,남향,37.538647,126.94762,2045
월세,400,"3,000",112,2/5,남향,37.54847,126.917872,8571
월세,170,"2,500",34,1/4,남향,37.545604,126.922459,1030
월세,150,"2,000",89,B1/3,북향,37.546049,126.916557,6503
월세,250,"2,500",58,1/2,북서향,37.561338,126.922433,3352
월세,290,"2,000",49,4/5,남향,37.556357,126.904631,943
월세,350,"5,000",71,B1/2,북서향,37.556338,126.906404,811
매매,0,2억,28,B1/20,남서향,37.548792,126.910509,3589
월세,120,"1,500",85,B1/4,서향,37.576066,126.895618,5185
월세,220,"3,000",58,3/4,남동향,37.565734,126.922985,662
월세,65,500,26,2/3,남동향,37.580275,126.880705,400
월세,100,"1,000",30,1/3,남서향,37.55231,126.90485,987
월세,250,"3,000",76,1/4,남서향,37.558035,126.906021,1158
월세,230,"3,000",59,1/5,남서향,37.553339,126.907435,802
월세,500,"1억 3,000",394,B1/15,북향,37.539047,126.944284,1509
월세,490,"5,800",42,B1/3,남서향,37.56162,126.925672,1059
월세,210,"3,000",34,1/3,북서향,37.561856,126.926786,1382
월세,84,"2,000",55,3/5,서향,37.55667,126.947946,481
매매,0,7억,143,3/3,남향,37.543983,126.931102,1765
월세,170,"3,000",34,1/2,,37.54321,126.93557,4431
매매,0,"8억 9,000",48,1/3,동향,37.555597,126.953657,1487
월세,350,"5,000",108,1/6,북동향,37.544892,126.934407,4283
월세,90,"1,000",20,1/1,남동향,37.539948,126.944067,1756
월세,200,"3,000",96,2/5,북향,37.556059,126.899354,1740
월세,200,"4,000",49,1/4,남서향,37.542186,126.940634,1849
월세,300,"3,500",64,1/5,북향,37.551529,126.915542,4502
월세,320,"5,000",56,3/4,남서향,37.546377,126.944312,1734
월세,160,"3,000",19,2/5,남동향,37.555371,126.930322,834
월세,400,"5,000",119,1/3,북동향,37.556737,126.929225,2619
월세,"2,800",3억,314,1/19,북서향,37.542633,126.950636,2645
월세,100,"2,500",76,B1/4,동향,37.576779,126.894274,316
월세,360,"5,000",142,2/5,남향,37.54903,126.916466,6583
월세,220,"5,000",154,B2/7,동향,37.547838,126.930228,2021
월세,220,"3,000",75,2/5,동향,37.557074,126.921562,1647
월세,190,"2,500",53,1/5,,37.541084,126.949423,4364
월세,120,"1,000",34,1/4,남서향,37.567053,126.910415,1037
월세,"3,000",4억,892,1/1,북서향,37.550576,126.936697,6313
월세,180,"3,000",71,B1/10,동향,37.547439,126.942512,1904
월세,380,"7,000",23,2/2,,37.546359,126.943495,1851
월세,350,"5,000",36,1/17,남향,37.542975,126.94786,2856
매매,0,"4억 5,000",28,B2/1,,37.555561,126.959271,3643
월세,110,"2,000",13,1/5,서향,37.540112,126.950353,2736
매매,0,"1억 8,000",29,2/2,북서향,37.54638,126.958037,2686
월세,250,"3,000",148,B1/10,남서향,37.549183,126.939561,2111
매매,0,12억,44,2/29,북서향,37.545114,126.949567,2619
월세,150,"2,000",44,2/20,북향,37.556303,126.943269,2070
매매,0,"5억 8,000",60,2/6,남동향,37.553488,126.924304,6080
월세,190,"3,000",33,1/5,남동향,37.553572,126.903329,872
월세,300,"5,000",78,1/3,서향,37.55264,126.922041,943
월세,380,"5,000",30,1/4,남향,37.552467,126.922729,943
월세,120,"2,000",26,1/4,북서향,37.562053,126.921427,3352
월세,250,"3,000",87,2/3,남향,37.555032,126.906061,870
월세,200,"4,000",29,1/15,남동향,37.55065,126.914878,3589
월세,400,"2,000",49,1/6,북서향,37.559455,126.915194,943
월세,160,"3,000",33,1/6,남향,37.554347,126.933807,2032
월세,160,"2,500",36,1/4,남동향,37.545699,126.922506,1030
월세,100,"2,000",26,1/2,동향,37.54409,126.939664,2386
월세,330,"7,000",156,1/2,남동향,37.542348,126.941872,1907
월세,130,"3,000",16,1/7,북동향,37.562293,126.915131,1090
월세,400,"8,000",38,1/21,남동향,37.547471,126.95306,2466
월세,110,"2,000",29,1/4,서향,37.555748,126.947372,2811
월세,150,"5,000",40,2/5,남서향,37.547008,126.951963,1867
월세,270,"5,000",29,B1/40,동향,37.544935,126.9506,2685
월세,"4,000",6억,520,1/4,서향,37.554924,126.923711,5192
매매,0,10억,125,2/9,남서향,37.554769,126.955698,2032
월세,340,"5,000",84,1/3,서향,37.566555,126.917098,1611
월세,190,"2,000",33,1/4,동향,37.558995,126.905164,1035
월세,450,"5,000",99,1/8,남서향,37.559928,126.907011,1763
월세,350,"4,000",80,2/3,동향,37.562925,126.926168,1382
월세,250,"4,000",84,2/4,남서향,37.556745,126.922361,847
월세,250,"5,000",91,2/3,북향,37.541332,126.944862,1773
월세,500,"6,000",132,3/4,동향,37.540993,126.949301,4364
월세,60,500,39,B1/5,남동향,37.536834,126.944531,3380
월세,75,"1,500",24,2/6,남동향,37.554167,126.929962,834
월세,130,"2,000",110,2/4,남동향,37.544349,126.936349,4431
월세,350,"5,000",274,2/2,남동향,37.544434,126.936204,4431
월세,270,"5,000",71,2/5,남향,37.556248,126.952198,1136
월세,300,"5,000",38,1/3,동향,37.54909,126.922828,940
월세,450,"6,000",150,1/1,남향,37.551092,126.934428,2738
월세,260,"2,500",92,1/2,남서향,37.546788,126.921964,940
월세,170,"3,000",30,1/2,북향,37.539421,126.953869,6614
매매,0,"8억 9,000",48,1/3,동향,37.552749,126.952863,2069
월세,363,"5,000",369,B1/10,남향,37.544028,126.930422,1772
월세,400,"4,000",59,1/8,남향,37.543022,126.951193,2645
월세,140,"2,000",47,2/3,남동향,37.577737,126.895435,316
월세,100,"2,000",43,B1/2,남동향,37.546515,126.960203,1843
월세,250,"3,000",31,1/5,남향,37.543398,126.944178,2513
월세,150,"3,000",149,B1/6,,37.55018,126.955506,3797
월세,120,"3,000",26,1/3,동향,37.556289,126.927343,6495
월세,500,1억,150,4/4,동향,37.550216,126.919452,9743
월세,600,"8,000",109,1/5,남향,37.553452,126.925292,2284
월세,290,"5,000",49,B1/37,남서향,37.549999,126.912199,3589
월세,200,"3,000",30,3/4,남향,37.562183,126.924832,1059
월세,380,"6,000",80,1/4,남향,37.552297,126.920209,917
월세,"1,000",1억,167,1/4,서향,37.551004,126.923452,953
월세,230,"2,500",49,1/6,북향,37.552975,126.916885,7940
월세,240,"5,000",132,B1/5,북향,37.555178,126.938552,1922
월세,550,"6,000",177,2/4,북향,37.54866,126.943044,1947
월세,150,"3,000",51,1/5,북향,37.554366,126.902884,813
월세,360,"5,000",142,2/5,남향,37.54906,126.916351,6583
월세,150,"2,500",23,B1/2,남동향,37.555043,126.924144,15320
월세,70,"1,000",38,1/3,남서향,37.546509,126.945664,2572
월세,400,"5,000",90,2/17,남동향,37.540352,126.947739,2668
월세,120,"2,000",29,B1/4,동향,37.551812,126.905093,1024
월세,450,"5,000",194,2/2,남향,37.539023,126.947688,4364
월세,950,"8,000",231,2/7,서향,37.577864,126.895075,316
월세,180,"3,000",95,1/2,,37.547084,126.946944,2910
월세,700,2억,41,1/1,서향,37.545878,126.945336,2572
월세,180,"5,000",13,1/3,남향,37.539094,126.951147,6943
월세,350,"6,000",76,2/5,북동향,37.549528,126.909927,3589
월세,90,"1,000",33,1/3,남서향,37.555772,126.946633,2027
월세,150,"3,000",34,B1/3,남향,37.555161,126.929651,834
월세,220,"4,000",56,2/4,북향,37.546506,126.914573,3589
월세,260,"3,500",56,2/4,동향,37.554971,126.931065,834
월세,"1,300",2억,315,3/3,남서향,37.543663,126.938569,2386
월세,200,"3,000",108,2/3,서향,37.55427,126.928685,1471
매매,0,"12억 8,000",35,1/20,,37.547818,126.954274,2280
월세,300,"4,000",81,B1/3,동향,37.559421,126.924576,1735
매매,0,"6억 5,000",34,1/6,남동향,37.580289,126.882967,400
월세,280,"2,000",144,5/8,남동향,37.550422,126.960642,4027
월세,60,"1,000",26,2/2,남동향,37.549935,126.949996,2554
월세,350,"5,000",60,1/3,남향,37.547979,126.921633,934
월세,190,"2,000",29,1/5,남향,37.54903,126.924044,870
월세,120,"2,000",47,B1/6,서향,37.542239,126.939471,1974
월세,260,"3,000",40,2/16,북동향,37.581344,126.888569,5108
월세,450,"6,000",264,B1/5,북동향,37.560127,126.902428,4000
월세,370,"7,000",150,3/4,북서향,37.550617,126.923619,5652
월세,350,"5,000",280,B3/7,북향,37.552058,126.912102,3589
월세,150,"2,000",33,1/1,북향,37.578119,126.89629,316
월세,500,1억,142,3/9,남향,37.544709,126.954281,3797
월세,120,"2,000",36,1/4,남향,37.568144,126.910901,1095
월세,"1,300","1억 5,000",112,3/18,북서향,37.556084,126.923455,6945
월세,120,"2,000",115,B1/1,,37.548312,126.940596,1941
월세,"1,010","1억 2,700",142,3/36,동향,37.551057,126.911867,3589
월세,150,"3,000",48,2/5,남향,37.548448,126.941105,1941
월세,165,"2,000",70,1/1,서향,37.555381,126.944483,660
월세,150,"3,000",217,B1/4,남서향,37.56921,126.905817,1206
월세,350,1억,184,3/3,동향,37.55503,126.905023,817
월세,260,"3,000",149,3/4,북서향,37.551866,126.922935,870
월세,180,"2,500",39,2/3,동향,37.545993,126.922375,1030
월세,240,"3,000",65,2/4,남향,37.548315,126.920852,934
월세,240,"4,000",97,2/5,동향,37.540796,126.944714,1756
월세,400,"7,000",73,4/5,서향,37.549083,126.916912,8571
월세,350,"5,000",104,1/2,서향,37.565144,126.924761,1035
월세,280,"3,000",60,2/2,남서향,37.565254,126.923888,662
월세,110,"1,000",55,3/4,남서향,37.54053,126.942955,2743
월세,270,"6,000",36,1/7,북향,37.547568,126.921906,5253
월세,350,"6,000",97,5/11,북서향,37.557202,126.924753,5756
월세,220,"3,000",26,1/5,남향,37.561772,126.924972,1439
월세,60,500,21,1/4,동향,37.54811,126.960436,4027
월세,270,"5,000",36,1/10,북향,37.54736,126.942426,1904
월세,120,"2,000",37,B1/4,남향,37.549379,126.952152,2111
월세,150,"2,000",32,1/5,,37.559822,126.904557,1586
매매,0,"2억 6,000",7,1/20,동향,37.541339,126.948989,4012
월세,110,"2,000",49,2/3,남동향,37.57736,126.896549,316
월세,95,"1,000",25,B1/17,남서향,37.551335,126.956177,4710
월세,270,"3,000",101,1/5,남동향,37.55625,126.915662,1112
월세,650,1억,131,2/5,남서향,37.540287,126.943421,2743
월세,"1,400","2억 5,000",228,1/3,북서향,37.552836,126.924711,6057
월세,650,1억,148,1/7,북동향,37.554924,126.928558,3089
월세,300,"4,000",170,3/5,북향,37.55113,126.922637,881
월세,200,"2,500",56,2/3,북동향,37.548403,126.921776,934
월세,750,"1억 5,000",280,3/5,남향,37.552379,126.920482,917
월세,100,"1,000",70,B1/5,동향,37.556653,126.953145,1487
월세,270,"3,000",125,B1/6,남향,37.547934,126.923575,870
월세,200,"3,000",83,2/2,,37.550341,126.93199,703
월세,190,"3,000",27,1/1,북서향,37.556182,126.940905,660
월세,450,"5,000",71,1/12,남동향,37.552537,126.912451,3589
월세,174,"2,320",115,B1/6,서향,37.54682,126.944957,4809
월세,"1,200",3억,262,B1/15,남향,37.545398,126.925338,1541
월세,120,"3,000",29,2/4,남서향,37.555418,126.928335,12424
월세,160,"2,000",50,1/5,남서향,37.557239,126.928113,12424
월세,65,"1,000",24,1/3,북동향,37.555652,126.904742,861
월세,"1,200","1억 5,000",325,B1/4,남서향,37.564671,126.923448,662
월세,220,"3,000",49,1/5,동향,37.55329,126.907773,802
월세,250,"2,000",89,2/4,,37.554174,126.945567,660
월세,150,"2,000",30,2/11,북향,37.556957,126.952839,1487
월세,240,"3,000",87,1/5,남서향,37.549872,126.944141,1851
월세,220,"3,000",53,3/5,남향,37.548959,126.916815,8571
월세,280,"3,000",26,1/7,남동향,37.553732,126.924526,2284
월세,450,"5,000",112,1/3,남향,37.551725,126.920831,875
월세,150,"2,000",40,1/4,남동향,37.558509,126.924572,1735
월세,400,"5,000",76,1/5,동향,37.56661,126.918006,2768
월세,300,"6,000",67,1/4,북향,37.552886,126.923739,2305
월세,250,"3,000",72,1/4,북서향,37.548654,126.92167,934
매매,0,"5억 5,000",75,1/17,북서향,37.564502,126.910259,1097
월세,"4,500",5억,555,1/5,남서향,37.556124,126.925614,5756
월세,450,"5,000",62,1/12,남서향,37.55256,126.912537,3589
월세,"2,753","2억 7,538",286,1/20,북서향,37.541918,126.949799,2262
월세,180,"3,000",23,3/3,남서향,37.559272,126.924372,1735
매매,0,"5억 2,000",150,B1/7,남서향,37.559364,126.902796,1245
월세,300,"5,000",103,1/18,서향,37.537911,126.944434,1618
월세,270,"7,000",37,B1/1,동향,37.574308,126.896157,7704
월세,160,"2,000",40,1/1,서향,37.550029,126.922889,940
월세,400,"5,000",70,B1/2,북동향,37.560439,126.924457,1155
월세,500,"6,000",68,3/5,북서향,37.560606,126.925817,6355
월세,180,"1,500",70,1/4,남동향,37.553067,126.911762,854
월세,140,"1,000",33,1/2,서향,37.546972,126.923128,953
월세,200,"3,000",111,2/3,동향,37.552939,126.906211,853
월세,300,"4,500",75,2/5,남서향,37.556667,126.904789,902
월세,"2,200",3억,734,1/5,남향,37.545333,126.925137,5706
월세,260,"2,500",49,1/6,남향,37.557169,126.927921,12424
월세,900,"1억 5,000",274,2/5,남서향,37.556065,126.927563,6495
월세,"1,200",2억,198,1/8,북서향,37.55213,126.917916,21404
월세,400,"8,000",110,3/4,서향,37.551183,126.922031,940
월세,"1,500","1억 8,000",454,B1/5,남서향,37.550363,126.921974,940
월세,250,"4,000",124,B1/6,남동향,37.551729,126.920984,875
월세,550,"8,000",119,1/1,남서향,37.549285,126.9173,8571
월세,180,"2,000",105,B1/4,남동향,37.562716,126.926394,1382
월세,"1,100","1억 5,000",385,2/5,서향,37.549917,126.920016,7825
월세,500,"7,000",80,1/1,남서향,37.551811,126.923997,5652
월세,350,"5,000",99,B1/3,북서향,37.555082,126.927117,1471
월세,250,"3,000",54,3/4,서향,37.56634,126.919972,2322
월세,"1,100",3억,85,1/2,남서향,37.555984,126.920968,1160
월세,130,"1,000",44,B1/2,북서향,37.549134,126.922026,940
월세,500,1억,100,1/4,북동향,37.543139,126.938631,3940
월세,371,"8,000",130,1/6,동향,37.549708,126.919447,9743
매매,0,3억,27,B1/24,남서향,37.579413,126.890424,5108
월세,700,1억,306,3/9,동향,37.552633,126.92139,917
월세,115,"3,000",19,1/15,남향,37.544562,126.952675,2489
월세,160,"2,500",23,B1/2,남향,37.562117,126.926043,1059
월세,150,"2,000",36,1/5,동향,37.556377,126.911625,797
월세,200,"5,000",147,B1/4,동향,37.577195,126.89491,316
월세,600,1억,84,1/5,남서향,37.557737,126.908957,1284
월세,150,"3,000",23,1/3,동향,37.54873,126.921422,934
월세,350,"5,000",78,1/5,동향,37.548778,126.922138,940
월세,330,"3,000",111,B1/7,동향,37.555895,126.919117,873
월세,900,"1억 4,000",241,2/6,,37.539525,126.94351,1756
월세,600,"6,000",191,2/4,북동향,37.553936,126.90543,774
월세,550,"5,000",148,1/4,남동향,37.553061,126.918218,9360
월세,150,"3,000",26,B1/3,남향,37.545758,126.914033,3589
월세,300,"3,000",163,3/5,북서향,37.567811,126.90508,1242
월세,120,"1,000",33,1/5,,37.55157,126.917683,9743
월세,240,"3,500",89,B1/4,서향,37.558329,126.924094,1735
월세,700,1억,104,1/5,,37.546523,126.932541,1897
월세,"2,000",4억,542,1/8,동향,37.551759,126.923187,953
월세,500,"7,000",117,2/5,북동향,37.565563,126.92397,1048
월세,"1,400","2억 5,000",132,1/5,서향,37.550059,126.922108,934
월세,100,"1,000",13,1/3,서향,37.554364,126.927798,1471
월세,300,"4,000",78,2/5,북서향,37.538148,126.94537,1802
월세,500,"8,000",113,1/3,남향,37.54945,126.919335,9743
월세,500,1억,57,1/3,남서향,37.549354,126.914197,3589
월세,110,"2,000",66,4/4,북향,37.548276,126.914849,3589
월세,200,"2,000",85,1/3,동향,37.547793,126.914481,3589
월세,350,"7,000",100,1/2,북향,37.547543,126.920475,7825
월세,450,"5,000",92,1/6,남향,37.546339,126.92268,940
월세,164,"2,500",42,B1/18,남동향,37.581985,126.889231,5108
월세,500,"8,000",192,1/2,남서향,37.559133,126.907679,1158
월세,300,"3,000",79,B1/3,남동향,37.557673,126.921057,1588
월세,425,"3,000",90,1/5,남서향,37.557085,126.904379,943
월세,320,"3,000",129,2/4,남서향,37.554479,126.93024,834
월세,400,"6,000",101,1/5,동향,37.549003,126.914826,3589
월세,130,"3,000",39,1/4,남향,37.56533,126.92412,1048
월세,400,"6,000",130,2/5,북동향,37.556172,126.921694,1160
월세,500,"7,000",148,3/4,남서향,37.545167,126.914105,6583
월세,190,"3,000",61,1/4,남서향,37.553655,126.918147,9360
월세,500,"5,000",171,4/6,남동향,37.55506,126.923461,5192
월세,220,"3,000",37,B1/2,북동향,37.559891,126.925421,1258
월세,750,1억,173,1/10,남서향,37.564845,126.911469,1097
월세,150,"1,000",75,B1/3,남서향,37.544854,126.914861,6583
월세,120,"2,000",24,1/2,남서향,37.577622,126.882919,400
월세,557,"6,900",73,1/32,북동향,37.577085,126.891393,2685
월세,800,1억,253,1/3,북동향,37.552344,126.911955,3589
월세,160,"3,000",32,1/2,북서향,37.545941,126.914292,6583
월세,750,1억,143,2/2,남향,37.541425,126.950692,4384
월세,60,"1,000",27,B1/18,남향,37.543508,126.952879,4384
월세,350,1억,156,5/7,남동향,37.552303,126.933525,834
월세,93,"1,200",20,1/3,남서향,37.557934,126.904378,1763
월세,545,1억,29,B1/1,북향,37.553799,126.923701,6080
월세,600,1억,55,1/2,남동향,37.5554,126.926184,10072
월세,130,"1,000",29,1/3,남동향,37.558505,126.909738,1349
월세,400,1억,80,1/1,남향,37.546915,126.929974,1574
월세,585,"1억 5,000",120,1/2,북동향,37.555284,126.934519,1691
월세,590,"7,000",170,3/5,남동향,37.553486,126.921098,943
월세,140,"2,500",95,B1/4,북동향,37.556005,126.927805,9541
월세,100,"1,000",43,1/3,남향,37.576786,126.895738,316
월세,700,2억,263,4/5,남동향,37.554309,126.923296,6080
월세,280,"4,000",68,2/2,,37.542267,126.951731,2736
월세,620,1억,219,2/5,남향,37.550358,126.922138,940
월세,290,"2,500",42,1/5,남향,37.551398,126.921758,917
월세,70,"1,000",46,1/2,동향,37.536925,126.946492,3462
월세,"2,200","1억 2,000",105,1/17,북동향,37.555175,126.935657,2122
매매,0,4억,31,1/6,남서향,37.576082,126.896584,2754
월세,150,"2,000",29,1/6,남향,37.538533,126.947096,3590
매매,0,"1억 8,500",19,B1/23,,37.544002,126.952891,4384
월세,330,"8,000",89,1/4,남서향,37.548827,126.923229,870
월세,110,"1,000",69,2/3,북동향,37.563721,126.913512,1176
월세,260,"3,000",92,B1/4,남동향,37.55248,126.923151,2305
월세,100,"1,000",17,1/3,남서향,37.557177,126.904837,902
월세,300,"3,000",33,1/1,북동향,37.55091,126.937612,2778
월세,105,"1,000",21,1/4,북향,37.546322,126.941062,1936
월세,120,"1,000",16,1/4,북동향,37.554202,126.925841,7835
월세,135,"1,000",29,B1/3,서향,37.556068,126.904137,817
월세,80,"1,000",63,1/2,남서향,37.557537,126.904514,935
월세,250,"2,500",293,B1/5,북동향,37.555392,126.910318,910
월세,250,"5,000",38,1/1,남향,37.541562,126.943718,1632
월세,280,"4,000",73,3/4,서향,37.561952,126.924528,1059
월세,140,"2,000",26,1/2,동향,37.553586,126.903804,927
월세,600,1억,140,1/6,,37.575146,126.895297,5185
월세,230,"3,000",47,1/4,남향,37.538478,126.950616,6147
월세,235,"3,000",54,1/2,남향,37.561053,126.924933,7147
월세,430,"5,000",49,B1/4,남서향,37.564639,126.924998,942
월세,210,"2,500",49,2/2,북향,37.566297,126.920844,2322
월세,"2,500","2억 5,000",454,1/4,남동향,37.554944,126.926725,1471
월세,390,"5,000",133,4/5,북향,37.550542,126.922472,940
월세,220,"5,000",187,B1/3,남향,37.576062,126.894684,5185
월세,"5,000",5억,647,3/11,북서향,37.556433,126.922764,847
월세,120,"2,000",87,2/3,,37.556912,126.959617,3552
월세,320,"7,000",114,2/5,,37.555495,126.922873,2283
월세,260,"3,000",123,B1/3,남향,37.576251,126.89437,5185
월세,160,"2,000",23,1/2,남향,37.549988,126.92283,940
월세,400,"5,000",136,1/5,서향,37.563845,126.92272,937
월세,"1,100","1억 4,000",179,1/8,남동향,37.575186,126.897581,2357
월세,70,"1,000",22,1/4,서향,37.550734,126.907263,3589
월세,150,"2,000",36,1/4,남서향,37.576423,126.896913,2357
월세,220,"3,000",61,2/3,북동향,37.561545,126.926354,1059
월세,430,"9,000",119,1/4,남동향,37.576554,126.894443,5185
월세,200,"3,000",58,1/6,남동향,37.577899,126.894131,316
월세,400,"6,000",66,2/4,남동향,37.55892,126.924971,1735
월세,200,"3,000",63,3/4,북향,37.563009,126.925659,1382
월세,170,"2,000",46,B1/3,북동향,37.562528,126.924938,1059
월세,130,"2,000",60,B1/3,북서향,37.55651,126.901899,1261
월세,90,"1,000",33,4/5,북동향,37.553801,126.922404,2305
월세,250,"3,000",71,1/3,남향,37.575924,126.897645,2357
월세,260,"4,000",81,B1/4,북서향,37.563093,126.925582,1382
월세,270,"5,000",48,2/5,북향,37.553659,126.922303,2305
월세,320,"5,000",104,B1/2,남동향,37.549593,126.917084,8571
월세,185,"3,000",27,1/1,북서향,37.549944,126.943956,1851
월세,200,"3,000",62,1/3,남동향,37.577074,126.893765,316
월세,130,"1,000",33,1/2,남서향,37.555937,126.930629,2265
월세,"1,100","1억 7,000",109,1/4,북동향,37.550083,126.921444,934
월세,220,"2,000",73,B1/4,남서향,37.549616,126.92261,940
월세,150,"1,000",39,3/4,,37.562385,126.924921,1059
월세,35,"1,000",36,1/1,북서향,37.568969,126.90237,1247
월세,170,"2,000",72,2/6,남서향,37.553825,126.931761,834
월세,75,"1,000",45,1/1,서향,37.567343,126.911384,1069
월세,350,"3,000",61,B1/3,서향,37.562278,126.925378,1059
월세,675,1억,96,1/7,남서향,37.541197,126.942294,1380
월세,120,"1,500",39,5/5,남향,37.55456,126.902876,817
월세,220,"3,000",29,B1/2,북서향,37.561905,126.924974,1439
월세,220,"3,000",103,2/3,,37.558674,126.907442,1158
월세,400,"5,000",64,2/3,북향,37.562159,126.926715,1059
월세,800,2억,140,B1/4,서향,37.549673,126.924022,870
월세,350,1억,164,1/2,남서향,37.559821,126.907109,1763
월세,210,"3,000",28,1/1,남서향,37.566375,126.920092,2322
월세,140,"3,000",51,1/2,남향,37.565271,126.924641,1048
월세,240,"3,000",84,2/4,남향,37.550295,126.921647,940
월세,330,"3,000",142,3/4,동향,37.549382,126.921383,934
월세,110,"2,000",42,1/2,,37.549041,126.947918,2997
월세,220,"3,000",66,2/5,남서향,37.548229,126.920949,934
월세,250,"2,000",111,2/4,동향,37.549329,126.914726,3589
월세,272,"6,000",39,1/2,북향,37.549187,126.914864,3589
월세,"1,000","1억 5,000",91,1/6,남동향,37.549458,126.9206,7825
월세,220,"3,000",45,1/3,동향,37.548151,126.922365,940
월세,260,"4,000",102,1/3,동향,37.551316,126.920721,7549
월세,550,1억,56,1/5,북서향,37.556983,126.926353,6495
월세,160,"3,000",52,4/4,서향,37.555172,126.929002,3089
월세,90,"3,000",18,1/2,남향,37.556472,126.904596,943
월세,140,"2,000",28,1/12,남향,37.557373,126.916798,2061
월세,140,"1,500",27,1/4,남동향,37.558967,126.906288,895
월세,200,"5,000",196,B1/5,동향,37.567574,126.907932,1069
월세,170,"3,000",37,2/5,북향,37.560706,126.917264,939
월세,300,"5,000",91,B1/5,서향,37.548733,126.920738,934
월세,230,"3,000",79,1/5,남동향,37.560504,126.921764,2199
월세,180,"2,000",46,2/3,남서향,37.548175,126.921834,934
월세,250,"4,000",63,1/6,북동향,37.548436,126.921319,934
월세,453,"7,000",93,1/11,남향,37.551227,126.939294,1983
월세,70,"1,000",27,1/3,,37.552381,126.904717,987
월세,170,"3,000",59,1/5,남서향,37.556642,126.947757,481
월세,600,1억,198,1/2,남서향,37.560088,126.907376,1509
월세,275,"5,000",39,B1/2,남서향,37.554079,126.92729,8287
월세,60,"1,500",30,3/3,남동향,37.560318,126.915952,789
월세,"1,500",2억,402,1/4,동향,37.553124,126.922167,943
월세,200,"2,000",76,1/2,남서향,37.548468,126.92227,940
월세,270,"4,000",71,2/3,남향,37.54846,126.919713,21404
월세,"1,400",2억,387,1/3,남서향,37.552472,126.919495,9360
월세,"1,200",1억,454,1/4,동향,37.546792,126.918456,1039
월세,200,"4,000",65,B1/3,북서향,37.555735,126.928201,12424
월세,100,"1,000",34,5/5,남서향,37.547326,126.954665,2280
월세,300,"5,000",80,1/5,서향,37.553267,126.920331,9360
월세,450,"5,000",93,1/3,동향,37.551779,126.920437,7549
월세,500,"7,000",176,B1/3,남서향,37.548919,126.915109,3589
월세,260,"3,000",50,B1/3,남향,37.56207,126.925007,1059
월세,180,"3,000",39,B1/3,남향,37.555796,126.926265,10072
월세,170,"2,000",52,3/4,북향,37.550294,126.920877,7549
월세,400,"4,000",140,1/3,남향,37.557566,126.919185,971
월세,350,"6,000",64,1/5,남향,37.548144,126.921043,934
월세,350,"4,000",136,B1/5,북서향,37.556059,126.914616,797
월세,200,"2,000",33,B1/5,동향,37.549072,126.924293,5652
월세,900,"1억 5,000",196,2/3,남서향,37.553201,126.924166,6080
월세,230,"2,000",33,1/6,남향,37.557338,126.919445,971
월세,500,"5,000",33,1/4,남동향,37.557411,126.925535,5756
월세,180,"2,000",41,B1/5,북향,37.559674,126.925782,6495
월세,350,"3,000",83,1/4,서향,37.549439,126.921151,934
월세,420,"5,000",169,3/5,서향,37.552079,126.922682,917
매매,0,6억,62,2/12,남동향,37.581699,126.885972,5108
월세,320,"5,000",68,3/24,남서향,37.580069,126.889006,5108
월세,200,"2,000",89,1/5,서향,37.547088,126.929766,1574
월세,150,"6,000",49,1/6,서향,37.538178,126.947124,2045
월세,440,"5,000",176,3/5,남향,37.550111,126.920849,7825
월세,230,"3,000",99,3/4,북서향,37.555872,126.923777,6945
월세,135,"1,000",47,1/5,남동향,37.564386,126.918003,1602
월세,350,"6,000",100,1/2,남향,37.56105,126.925018,7147
월세,300,"5,000",107,1/5,남서향,37.555943,126.909511,867
월세,800,1억,245,1/5,서향,37.545836,126.923764,5706
월세,250,"3,000",62,2/3,북서향,37.564913,126.922922,1010
월세,110,"2,000",30,2/2,남향,37.547751,126.930154,2021
월세,240,"3,000",68,2/4,남향,37.549093,126.921656,934
월세,300,"8,000",106,1/4,남서향,37.555555,126.934942,1958
월세,250,"3,000",63,2/4,남서향,37.548075,126.920406,7825
월세,500,"8,000",97,1/7,남서향,37.553751,126.917519,7109
월세,400,"6,000",88,1/4,서향,37.552755,126.922984,2305
매매,0,29억,253,2/15,남동향,37.556227,126.942259,1841
월세,365,"5,000",66,1/3,북향,37.559679,126.925653,6495
월세,400,"5,000",108,3/4,북서향,37.555643,126.923469,6945
월세,65,"2,000",33,2/2,남서향,37.572127,126.901911,806
월세,270,"3,000",93,B1/4,남서향,37.54539,126.911807,3589
월세,200,"3,000",99,2/3,남동향,37.549389,126.915247,3589
월세,280,"3,000",99,2/3,남동향,37.555361,126.938957,1922
월세,470,"5,000",99,1/6,북동향,37.548093,126.920851,7825
월세,"1,200","1억 2,000",429,1/8,남동향,37.553209,126.919418,9360
월세,210,"2,000",36,B1/4,동향,37.549016,126.921186,934
월세,175,"2,000",49,1/5,남서향,37.545074,126.940538,3253
월세,270,"5,000",66,1/4,서향,37.577569,126.895945,316
월세,250,"3,000",40,1/3,동향,37.555447,126.909615,875
월세,320,"5,000",79,1/1,동향,37.547993,126.922519,940
월세,220,"3,000",49,1/4,북향,37.556383,126.932513,1770
월세,200,"1,500",29,1/6,북동향,37.554686,126.91097,5576
월세,100,"1,000",24,1/4,남동향,37.552923,126.923531,5840
월세,540,1억,56,1/3,남향,37.557641,126.905584,935
월세,705,"7,050",203,3/8,남동향,37.556342,126.922283,1647
월세,180,"2,500",70,3/5,서향,37.558723,126.923306,2199
월세,500,"5,000",52,2/7,북향,37.560553,126.906548,910
월세,230,"3,000",67,1/6,북향,37.556981,126.903865,1258
월세,200,"3,000",77,2/3,남향,37.548477,126.919583,21404
월세,120,"2,000",90,1/6,남서향,37.548544,126.956746,3797
월세,220,"3,000",109,2/4,서향,37.548041,126.914534,3589
월세,280,"5,000",29,1/3,동향,37.539561,126.947402,2576
월세,80,"1,000",33,1/3,북서향,37.567556,126.912371,974
월세,140,"2,000",40,2/5,북향,37.554483,126.946446,2027
월세,"3,164",5억,919,1/3,남향,37.557482,126.918321,850
매매,0,"21억 2,000",87,전체층/4,남향,37.556701,126.950771,989
월세,200,"3,000",43,1/2,남향,37.560965,126.925299,7147
월세,180,"3,000",59,B1/2,남향,37.54632,126.939332,2070
월세,300,"5,000",66,1/2,남동향,37.576192,126.895364,5185
월세,50,"1,000",21,B1/15,동향,37.540778,126.945955,1900
월세,300,"3,000",44,1/5,북서향,37.549682,126.921136,934
월세,650,1억,181,2/4,북동향,37.554516,126.935412,2431
월세,100,"1,000",38,1/2,,37.557525,126.916026,1349
월세,200,"2,000",123,B1/5,남동향,37.559783,126.921784,1087
월세,240,"8,000",112,B1/5,북서향,37.555201,126.922899,2283
월세,330,"5,000",85,1/5,남향,37.560303,126.925165,1258
월세,400,1억,99,B1/12,서향,37.548528,126.923415,870
월세,150,"3,000",35,1/10,남동향,37.558494,126.906307,1158
월세,130,"1,000",33,1/4,남향,37.558619,126.905672,1509
월세,400,"3,000",118,1/3,남향,37.545752,126.91374,3589
월세,250,"3,000",48,1/2,남서향,37.56297,126.926575,1189
월세,250,"3,000",92,2/4,남동향,37.55528,126.908095,910
월세,120,"2,000",80,4/6,남향,37.554726,126.913465,910
월세,300,"3,000",165,B1/7,남향,37.555227,126.913303,867
매매,0,"5억 4,000",77,4/8,서향,37.556682,126.955342,969
월세,34,500,5,1/4,북향,37.576343,126.895401,5185
월세,150,"2,000",79,1/4,남동향,37.566949,126.910636,1037
월세,560,"8,000",35,1/9,서향,37.551448,126.915631,4502
월세,150,"1,000",29,1/3,서향,37.561264,126.920281,1031
월세,30,300,55,1/3,,37.554772,126.960736,5040
월세,"6,000",10억,625,1/5,동향,37.5532,126.924564,6080
월세,"1,000",1억,344,B1/4,남서향,37.558704,126.918276,729
월세,525,"7,000",126,1/19,,37.578465,126.892929,5108
월세,350,"5,000",86,1/2,남향,37.548737,126.920865,934
월세,150,"2,000",99,4/6,남향,37.551196,126.921656,940
월세,630,1억,189,1/5,남서향,37.551646,126.918645,21404
월세,160,"2,000",37,1/5,북동향,37.562355,126.920091,1982
월세,90,"1,000",33,2/4,북서향,37.560474,126.922822,3352
월세,"1,500",5억,128,1/4,북향,37.555785,126.920405,2305
월세,200,"2,000",87,2/5,남서향,37.548406,126.920742,934
월세,230,"4,000",69,1/3,남서향,37.548463,126.921871,934
월세,700,"1억 2,000",130,1/8,북향,37.553117,126.9256,7227
월세,"1,250",1억,297,2/5,동향,37.558216,126.921532,1050
월세,120,"2,000",51,1/2,동향,37.53758,126.946648,3215
월세,350,"5,000",178,2/10,남향,37.551599,126.923128,953
월세,450,"7,000",115,1/2,남서향,37.539792,126.944092,1756
월세,180,"2,000",49,1/3,북향,37.56523,126.916624,534
매매,0,9억,41,1/15,동향,37.546604,126.931831,1983
월세,120,"3,000",26,1/2,남서향,37.545458,126.955088,3797
매매,0,36억,375,B2/25,북서향,37.543386,126.954129,3480
월세,170,"2,000",98,1/4,남서향,37.5461,126.955962,2611
월세,300,"3,500",60,1/2,서향,37.544841,126.954427,3797
월세,200,"2,000",82,2/6,남향,37.554669,126.919631,7719
월세,210,"2,000",66,1/4,남향,37.547921,126.923762,870
월세,300,"3,000",208,B1/6,동향,37.555112,126.910606,910
월세,170,"2,000",62,3/5,남향,37.555494,126.909844,910
매매,0,11억,145,B1/6,남서향,37.555296,126.928533,3089
월세,130,"2,000",23,1/4,남향,37.563381,126.926123,1095
월세,300,"5,000",111,1/3,남서향,37.555977,126.912623,1359
월세,120,"2,000",33,1/3,서향,37.554778,126.905435,870
월세,300,"4,000",49,1/6,남동향,37.578513,126.895002,316
월세,350,"7,000",32,1/15,남향,37.565409,126.902129,1136
월세,350,"4,000",190,2/5,남동향,37.549239,126.921333,934
월세,300,"5,000",60,1/4,서향,37.548703,126.91974,21404
매매,0,"5억 4,000",77,4/8,,37.556775,126.955246,969
월세,250,"2,000",66,2/5,북서향,37.562597,126.924846,1059
월세,480,"5,000",69,1/2,남동향,37.556782,126.926604,6495
월세,180,"3,000",33,1/5,북동향,37.559532,126.92637,6595
월세,255,"2,000",72,1/5,동향,37.561488,126.926754,1059
월세,350,"5,000",165,B1/5,남동향,37.554677,126.929754,834
월세,280,"4,500",66,1/3,북동향,37.555767,126.925336,7753
월세,500,"8,000",61,1/2,남동향,37.556965,126.925495,3773
월세,350,"3,000",103,B1/4,남서향,37.552759,126.92123,917
월세,200,"2,000",20,1/14,북향,37.557018,126.953744,910
월세,260,"3,500",115,2/5,북서향,37.547827,126.956941,4710
월세,300,"3,000",65,1/2,서향,37.552729,126.922448,943
월세,600,1억,140,2/5,북서향,37.556371,126.924529,6945
월세,150,"1,000",16,1/1,남동향,37.550575,126.960917,4027
월세,200,"2,000",62,1/4,남서향,37.542128,126.940715,1849
월세,150,"2,000",49,2/4,북서향,37.545301,126.954945,3797
월세,410,1억,96,1/3,북서향,37.546069,126.955632,3797
월세,210,"2,000",76,B1/6,남서향,37.550284,126.921368,940
월세,600,1억,228,1/5,남서향,37.555685,126.915486,806
월세,400,"6,000",98,1/5,북향,37.551944,126.919628,7549
월세,130,"2,000",33,1/4,서향,37.545583,126.955193,3797
월세,220,"5,000",56,1/4,남향,37.54609,126.954777,3140
월세,140,"2,000",30,1/4,남서향,37.564081,126.919525,3009
월세,140,"3,000",59,1/4,,37.546133,126.954682,3140
월세,180,"2,500",61,2/3,남향,37.548119,126.918284,5890
월세,"1,000",1억,210,B1/4,남서향,37.551602,126.917272,9743
월세,"1,100","1억 3,000",267,1/4,서향,37.547053,126.919072,9743
월세,330,"6,000",86,1/2,동향,37.555961,126.925892,5756
월세,85,"1,000",68,B1/4,북동향,37.54609,126.941907,3253
월세,"5,000",5억,249,1/5,남동향,37.555378,126.922715,2283
월세,500,"6,000",108,B1/6,남향,37.546113,126.915531,6583
월세,160,"2,000",68,1/4,서향,37.556097,126.904277,817
월세,855,1억,164,1/21,남향,37.576513,126.890925,2685
월세,500,"7,000",93,1/2,동향,37.561803,126.926469,1059
월세,400,"5,000",81,1/5,동향,37.548231,126.919183,9743
월세,225,"3,000",64,1/6,동향,37.554553,126.91439,2660
월세,"1,529","1억 5,000",469,2/6,남향,37.549118,126.911231,3589
월세,748,"1억 5,000",97,1/2,남동향,37.5777,126.888703,2468
월세,130,"2,000",46,4/4,북동향,37.562257,126.925545,1059
월세,650,"8,000",142,2/7,북향,37.553787,126.921076,943
월세,150,"2,000",46,B1/3,남동향,37.548175,126.921424,934
월세,766,"1억 5,000",214,B1/17,북향,37.55103,126.915166,3589
월세,220,"2,000",36,1/1,남향,37.547963,126.921044,7825
월세,190,"2,000",45,1/2,북향,37.555072,126.917624,2481
월세,200,"2,500",68,3/4,남서향,37.555738,126.926349,10072
월세,385,"4,000",182,4/5,서향,37.550245,126.92329,953
월세,285,"3,000",126,2/3,동향,37.557111,126.920495,1588
월세,450,"5,000",90,2/4,남서향,37.559623,126.925063,1258
월세,220,"1,500",133,B1/6,북서향,37.555563,126.919659,2305
월세,550,"9,000",67,1/4,북향,37.54832,126.918519,5890
월세,170,"3,000",32,1/6,,37.560744,126.904055,983
월세,250,"6,000",39,1/1,남서향,37.539969,126.948688,4364
월세,200,"2,000",15,1/2,북서향,37.560899,126.905121,931
월세,700,1억,196,1/4,북서향,37.555497,126.940169,5057
월세,157,"2,500",26,1/3,남향,37.547674,126.94284,1947
월세,200,"1,500",36,1/3,북향,37.547988,126.917186,8571
월세,250,"4,000",93,1/4,동향,37.577919,126.893787,316
월세,50,"1,000",26,1/3,동향,37.553064,126.961243,1696
월세,150,"2,000",45,1/8,북향,37.57645,126.894289,5185
월세,320,"5,000",234,2/3,북동향,37.564381,126.904016,1100
월세,193,"1,927",73,1/23,남동향,37.576184,126.889231,2685
월세,140,"2,000",82,B1/3,남동향,37.548224,126.919829,9743
월세,600,"6,000",1101,B2/11,서향,37.556072,126.922097,1647
월세,407,"5,000",59,1/4,남서향,37.55562,126.920671,2305
월세,400,"8,000",137,B1/14,남향,37.581175,126.890786,5108
월세,400,"6,000",45,1/15,북서향,37.56597,126.90303,1181
월세,535,"8,000",89,1/5,남향,37.554908,126.914464,7109
월세,450,"7,000",102,1/10,남향,37.549098,126.939791,2111
월세,260,"3,000",72,5/5,북동향,37.55741,126.922014,1085
월세,250,"3,500",91,1/3,서향,37.55351,126.92311,5840
월세,170,"2,000",36,1/3,북동향,37.546617,126.914194,3589
월세,380,"5,000",67,1/4,서향,37.565025,126.923168,662
월세,180,"3,000",44,1/3,동향,37.555081,126.929417,2155
월세,160,"2,500",50,1/3,동향,37.549017,126.91753,8571
월세,300,"3,000",182,B1/5,동향,37.557732,126.923146,847
월세,330,"5,250",46,1/5,남향,37.547929,126.94231,1904
월세,480,"5,000",115,1/4,남동향,37.544869,126.957795,5009
월세,90,"1,000",21,1/1,동향,37.546949,126.945394,4809
월세,"1,000",1억,155,1/4,남향,37.556479,126.9221,1160
월세,130,"2,000",50,1/4,서향,37.54834,126.918035,5890
월세,360,"5,000",78,B1/4,북동향,37.560691,126.924788,1143
월세,300,"3,000",105,3/6,북서향,37.554578,126.931286,834
매매,0,10억,57,1/20,,37.542528,126.947361,4828
월세,190,"3,000",69,3/4,남동향,37.547371,126.922193,5253
월세,360,"3,000",194,B2/6,동향,37.551329,126.910926,3589
월세,170,"3,000",44,B1/3,동향,37.554668,126.927256,1471
월세,140,"1,500",15,1/4,동향,37.546146,126.941819,3253
월세,250,"3,000",101,2/2,남향,37.555861,126.917146,2316
월세,278,"2,000",76,3/3,동향,37.55039,126.920937,7549
월세,150,"2,000",45,1/5,동향,37.556268,126.91333,1359
월세,110,"1,000",36,B1/5,동향,37.554217,126.926937,8287
월세,150,"3,000",200,B1/5,남동향,37.568928,126.911083,1242
월세,250,"3,000",82,2/4,동향,37.55512,126.928251,1471
월세,250,"3,000",96,5/6,서향,37.550398,126.92138,940
월세,120,"1,000",34,1/3,남향,37.564302,126.912971,534
월세,630,"1억 5,000",153,1/2,북동향,37.549856,126.911428,3589
월세,200,"3,000",64,2/3,남향,37.548779,126.940368,2070
월세,250,"2,000",92,2/5,동향,37.558797,126.924871,1735
월세,75,"1,500",23,1/4,북동향,37.554009,126.910442,802
월세,200,"3,000",35,1/4,남서향,37.556024,126.925258,5756
월세,250,"5,000",65,3/4,동향,37.539472,126.947391,2576
월세,350,"5,000",108,1/2,동향,37.550056,126.911345,3589
매매,0,3억,42,3/4,남서향,37.569819,126.904455,1273
월세,220,"2,000",92,1/7,북향,37.554665,126.918851,9360
월세,370,1억,87,2/3,북향,37.554467,126.923685,5192
월세,550,1억,254,전체층/2,동향,37.552087,126.920693,1211
월세,"1,500",2억,264,1/7,북동향,37.556368,126.919696,2305
월세,175,"1,000",39,1/3,동향,37.550179,126.91083,3589
월세,160,"1,000",60,2/2,북향,37.549451,126.912295,3589
월세,150,"1,000",36,1/2,남서향,37.552051,126.920119,7549
월세,120,"2,000",50,1/4,남향,37.559586,126.901569,4000
월세,260,"1,500",72,1/3,남동향,37.549539,126.910352,3589
매매,0,9억,80,2/9,북향,37.555359,126.934044,1691
월세,600,"6,000",175,3/6,서향,37.550557,126.917584,8571
월세,170,"5,000",120,B1/4,남동향,37.577519,126.895456,316
월세,170,"2,000",49,1/6,동향,37.55734,126.914115,1284
월세,370,"3,000",32,1/3,남동향,37.577952,126.896377,316
월세,200,"2,000",51,B1/2,남서향,37.558161,126.921341,1050
월세,230,"2,000",62,2/4,남동향,37.559099,126.922168,1050
월세,250,"4,000",50,1/3,동향,37.549424,126.916946,8571
월세,330,"5,000",99,5/8,북서향,37.547424,126.923476,870
월세,330,"3,000",89,1/3,남서향,37.552752,126.914146,5763
월세,200,"3,000",89,B1/5,동향,37.548171,126.92045,7825
월세,110,"1,000",12,1/3,남향,37.54764,126.921253,5253
월세,363,"8,000",59,1/3,남향,37.548649,126.920942,934
월세,"1,000","1억 5,000",202,1/4,남동향,37.552239,126.922693,917
월세,250,"3,000",46,1/5,동향,37.553872,126.927608,8742
월세,730,"8,000",224,1/4,동향,37.557608,126.92091,1588
월세,170,"4,000",40,1/5,북서향,37.552164,126.905798,1024
월세,80,"1,000",79,B1/4,북향,37.557345,126.902681,879
월세,125,"1,000",36,1/4,남향,37.556231,126.914079,797
월세,900,"1억 8,000",278,1/6,,37.545399,126.939342,1941
월세,110,"1,000",22,1/3,,37.553494,126.905926,774
월세,350,"5,000",125,1/7,북서향,37.559187,126.914697,943
월세,360,"4,000",78,1/2,동향,37.545761,126.922619,1030
월세,190,"2,000",41,B1/2,남동향,37.555851,126.92672,10072
월세,130,"2,000",16,1/5,남동향,37.560631,126.920559,1660
월세,250,"3,000",55,1/4,,37.562922,126.925313,958
월세,450,"6,000",111,1/6,동향,37.556699,126.921391,1647
월세,200,"3,000",100,B1/5,북향,37.55668,126.925332,5756
월세,300,"3,000",152,B1/4,북동향,37.551376,126.919451,7825
월세,250,"3,000",33,3/4,북서향,37.560222,126.925571,6355
월세,500,"5,000",139,2/5,서향,37.549795,126.921193,934
월세,600,1억,141,5/5,남향,37.550927,126.922529,881
월세,145,"2,000",40,1/3,북동향,37.556744,126.908172,806
월세,300,"3,000",113,2/2,남동향,37.553401,126.911666,854
월세,450,"5,000",62,1/12,남향,37.55255,126.912652,3589
월세,400,"6,000",180,3/7,동향,37.551377,126.92305,953
월세,350,"3,000",140,2/5,남동향,37.548375,126.918224,5890
월세,380,"5,000",26,1/4,남동향,37.550003,126.919702,9743
월세,370,"5,000",191,3/6,서향,37.551999,126.922982,870
매매,0,5억,25,1/5,남향,37.553193,126.903672,927
월세,45,"2,000",35,2/3,남향,37.554237,126.960837,1882
월세,200,"3,000",45,1/5,북서향,37.55537,126.919243,792
월세,120,"2,000",23,1/3,북동향,37.560909,126.921035,2199
월세,500,"8,000",135,1/5,남동향,37.559813,126.920612,1050
월세,109,"1,000",59,1/3,남서향,37.561578,126.919992,1982
월세,250,"4,000",92,1/5,북동향,37.563873,126.913765,1176
월세,130,"2,000",35,B1/3,남서향,37.554407,126.92772,1471
월세,"1,000",2억,207,1/5,서향,37.554338,126.920992,2305
월세,700,1억,199,4/6,동향,37.555319,126.9112,875
월세,170,"3,000",55,4/5,동향,37.551733,126.921637,917
월세,300,"5,000",59,1/2,동향,37.555229,126.910468,910
월세,630,"1억 3,000",99,1/9,남동향,37.553902,126.919343,9360
월세,290,"5,000",117,2/6,북서향,37.547567,126.923461,870
월세,80,"1,000",26,1/4,남동향,37.554694,126.932596,834
월세,300,"4,000",48,1/4,동향,37.550521,126.910716,3589
월세,300,"5,000",33,1/3,북서향,37.552112,126.923814,892
월세,"1,500","1억 5,000",198,1/4,북서향,37.555493,126.92598,10072
월세,380,"5,000",99,5/5,서향,37.549063,126.920963,934
월세,230,"4,500",72,2/3,남향,37.548324,126.921913,934
월세,160,"2,500",6,1/6,북동향,37.541275,126.941288,1690
월세,450,"6,000",184,1/4,남향,37.549223,126.906413,3589
월세,60,"1,000",49,1/4,남동향,37.555918,126.947268,2811
월세,300,"3,000",222,B1/6,북서향,37.5561,126.89963,1740
월세,500,"7,000",148,2/5,북향,37.551141,126.922479,881
월세,500,"1억 5,000",128,2/4,남서향,37.555915,126.924848,7753
월세,"4,200",7억,667,1/3,남향,37.552473,126.92299,2305
월세,"3,000",5억,62,1/2,남향,37.554256,126.922427,943
월세,130,"1,000",84,3/5,북서향,37.540444,126.948758,4364
월세,170,"2,000",67,1/4,남향,37.557284,126.903876,902
월세,190,"1,500",23,1/1,북향,37.555411,126.927736,1471
월세,400,"3,000",141,B1/4,북서향,37.554096,126.920572,2305
월세,390,"5,000",62,1/3,,37.561403,126.924733,7147
월세,200,"2,000",144,B1/3,남서향,37.557887,126.928091,1838
월세,95,"1,500",38,1/5,남향,37.559067,126.912383,1158
월세,73,"1,000",26,1/1,북향,37.552925,126.904776,987
월세,230,"4,000",125,3/4,남향,37.550276,126.922663,940
월세,600,2억,132,1/2,남향,37.545646,126.915937,6583
월세,131,"2,000",36,1/4,,37.557422,126.904276,902
월세,470,"6,000",200,2/4,남서향,37.554202,126.916781,7549
월세,320,"5,000",185,B1/9,북향,37.547611,126.920785,2663
월세,350,"5,000",193,3/5,동향,37.551819,126.922532,917
월세,70,"1,000",26,1/3,남향,37.565383,126.916598,1097
월세,170,"2,000",66,2/4,동향,37.548453,126.922152,940
월세,110,"2,000",46,2/2,남서향,37.549302,126.909552,3589
월세,450,"5,000",80,5/5,동향,37.549925,126.92274,940
월세,380,"6,000",112,3/6,동향,37.548845,126.920904,934
월세,280,"5,000",56,1/4,북동향,37.550142,126.91028,3589
월세,500,1억,44,1/5,동향,37.556935,126.925396,3773
월세,180,"2,000",52,1/3,북향,37.555191,126.930731,834
월세,250,"4,000",62,B1/2,동향,37.55482,126.930797,834
월세,"1,000","1억 5,000",195,1/6,북서향,37.553958,126.921396,943
월세,130,"3,000",47,B1/4,동향,37.549766,126.922542,940
월세,250,"2,000",67,2/5,북향,37.55453,126.926417,7707
월세,270,"5,000",66,2/2,동향,37.548275,126.922351,940
월세,390,"7,000",118,1/5,서향,37.546977,126.910512,3589
월세,140,"1,000",29,1/5,북동향,37.556801,126.914038,806
월세,80,"1,500",33,1/4,남동향,37.55913,126.912639,1509
월세,240,"3,000",26,1/4,북동향,37.555645,126.927332,666
월세,650,"8,000",133,1/5,남서향,37.558057,126.924466,3773
월세,180,"3,000",51,1/1,동향,37.551888,126.908732,3589
월세,350,"5,000",89,2/4,북향,37.540409,126.948872,4364
월세,80,"1,300",66,B1/4,동향,37.549308,126.938137,2778
월세,230,"3,000",47,1/2,남향,37.56285,126.926052,1382
월세,550,"7,000",262,2/6,동향,37.552648,126.922686,943
월세,700,1억,200,B1/7,남향,37.560966,126.924026,1357
월세,200,"3,000",49,1/6,북향,37.556073,126.912009,867
월세,"5,200",5억,224,1/7,북서향,37.557046,126.924548,5756
월세,300,"4,000",140,3/7,동향,37.550424,126.922842,940
월세,450,"5,000",98,1/5,남향,37.55927,126.921056,1091
월세,364,"5,000",256,B1/5,서향,37.564448,126.924022,662
월세,700,1억,167,1/5,서향,37.553117,126.914041,5763
월세,850,"1억 5,000",81,1/5,북향,37.556607,126.925063,5756
월세,300,"4,000",60,1/5,남서향,37.5589,126.911568,1349
월세,470,"6,500",95,B1/3,서향,37.56485,126.92331,662
월세,"1,000",1억,148,1/6,동향,37.548488,126.920132,7825
월세,350,"4,000",140,1/3,남동향,37.561572,126.926854,1059
월세,380,"5,000",85,1/5,동향,37.548896,126.915787,3589
월세,150,"1,500",49,B1/3,동향,37.555631,126.926797,666
월세,600,1억,187,1/4,북서향,37.553944,126.929342,1471
월세,200,"3,000",87,B1/5,북향,37.548215,126.919972,9743
월세,"4,340",10억,133,1/15,남동향,37.557212,126.923674,847
월세,"1,000",2억,63,1/5,북서향,37.55334,126.923425,5840
월세,300,"3,000",76,B1/2,,37.546318,126.9437,1851
월세,650,"8,000",100,2/2,남향,37.55309,126.921587,943
월세,400,1억,222,3/5,북동향,37.556311,126.909496,867
월세,350,"5,000",192,B1/4,,37.546419,126.943894,1851
월세,"1,233","3억 3,075",149,1/5,남서향,37.556853,126.925102,3773
월세,100,"2,000",6,B1/15,남서향,37.562513,126.903736,1142
월세,90,"1,000",100,B1/3,동향,37.552192,126.9069,3589
월세,250,"2,500",180,1/5,동향,37.557992,126.927903,1838
월세,700,1억,264,4/9,남향,37.553638,126.928959,1471
월세,200,"3,000",99,B1/4,동향,37.562129,126.90434,1310
월세,100,"1,500",45,1/3,남동향,37.552652,126.904383,927
월세,240,"7,000",17,1/3,동향,37.554586,126.923664,5192
월세,650,1억,304,B1/7,동향,37.554627,126.934377,1691
월세,200,"3,000",33,1/4,동향,37.547137,126.922786,5973
월세,600,1억,80,1/7,동향,37.555551,126.939111,6891
월세,700,1억,214,3/6,,37.547085,126.934625,2738
월세,400,"6,000",130,2/5,남동향,37.556244,126.92161,1160
월세,190,"3,000",42,1/5,북동향,37.577997,126.896596,316
월세,"4,331","6억 4,968",357,B1/10,,37.556541,126.924064,6945
월세,330,"5,000",71,2/3,동향,37.561069,126.924555,7147
월세,200,"2,000",49,1/5,남서향,37.554461,126.913871,2660
월세,205,"3,000",59,1/5,북향,37.554958,126.916797,2151
월세,180,"2,500",47,4/5,남동향,37.547002,126.942074,1904
월세,90,"1,000",23,1/3,동향,37.557373,126.902835,879
월세,350,"3,000",148,2/5,동향,37.554162,126.92566,7835
월세,630,"1억 3,000",135,1/9,남동향,37.554018,126.919221,9360
월세,"2,000",2억,437,5/7,북서향,37.555579,126.922597,2283
월세,205,"2,900",104,B1/15,북동향,37.544002,126.947531,4339
매매,0,4억,28,2/2,남동향,37.572792,126.889704,3941
월세,120,500,25,1/4,서향,37.549389,126.958458,3106
월세,95,"1,500",42,1/4,남향,37.548952,126.949126,1893
월세,430,"6,000",87,1/1,서향,37.555111,126.926344,1471
월세,300,"5,000",59,1/1,동향,37.576754,126.897139,2027
월세,250,"3,000",71,1/3,북향,37.57764,126.893448,316
월세,135,"2,500",35,1/5,남서향,37.576762,126.893551,316
월세,280,"3,500",99,전체층/2,남서향,37.577243,126.896725,316
월세,"3,500",5억,540,1/3,서향,37.561987,126.905228,1140
월세,150,"2,000",72,B1/4,서향,37.552105,126.921154,917
월세,"1,100","1억 2,000",305,1/5,남향,37.546096,126.914408,3589
월세,350,"5,000",150,3/6,서향,37.551583,126.916279,4502
월세,"1,800",2억,381,1/4,동향,37.554009,126.921669,943
월세,"3,600","4억 5,000",1257,1/3,서향,37.553179,126.9124,802
월세,"2,600",3억,495,1/5,남서향,37.564409,126.921286,821
매매,0,8억,116,3/13,남향,37.550674,126.960995,1849
월세,65,"1,000",43,2/4,남동향,37.554764,126.933144,2033
월세,420,"5,000",93,1/1,북향,37.549232,126.916241,6583
월세,350,"3,000",149,3/5,남동향,37.549332,126.920526,7825
월세,150,"2,000",66,2/4,남향,37.554529,126.946656,2027
월세,580,"8,000",64,1/4,남서향,37.556757,126.925686,5756
월세,270,"4,000",108,2/4,남서향,37.55499,126.926239,1471
월세,150,"2,000",30,B1/3,남서향,37.555084,126.927873,1471
월세,600,1억,116,1/4,남서향,37.550516,126.920497,7549
월세,150,"2,000",46,1/4,남서향,37.557647,126.907238,799
월세,130,"2,000",21,1/5,남서향,37.550664,126.905587,3589
월세,300,"4,000",100,B1/6,남서향,37.549179,126.915678,3589
월세,500,"5,000",229,1/2,남서향,37.555092,126.918399,1391
월세,200,"3,000",118,2/6,동향,37.556761,126.926024,5756
월세,250,"3,000",57,2/4,북서향,37.560481,126.925734,6355
월세,189,"2,500",49,B1/2,남동향,37.555296,126.927031,7503
월세,900,"1억 5,000",49,1/3,남향,37.552467,126.921985,943
월세,190,"7,000",85,2/5,북동향,37.556096,126.924093,6945
월세,300,"3,000",138,3/4,남향,37.553649,126.920457,2305
월세,400,"6,000",159,3/4,북향,37.547494,126.922768,5253
월세,"1,700",2억,467,3/3,남동향,37.550488,126.917169,5469
월세,280,"4,000",30,1/1,동향,37.542954,126.943698,1816
월세,250,"3,000",100,3/4,동향,37.555928,126.921327,1160
월세,380,"5,000",107,2/4,남서향,37.555307,126.925428,7753
월세,45,"2,000",8,1/2,남동향,37.539209,126.951372,6943
월세,340,"4,000",32,1/5,동향,37.548955,126.9199,21404
월세,500,"5,000",92,2/2,남서향,37.565327,126.922203,909
월세,600,"5,000",117,전체층/3,북서향,37.556859,126.908733,811
월세,200,"5,000",73,1/2,북향,37.547443,126.928184,1205
월세,150,"3,000",54,4/5,남향,37.565332,126.924241,1048
월세,400,"5,000",36,1/5,남서향,37.58508,126.879837,1505
매매,0,"9억 7,000",35,1/24,남동향,37.550803,126.916722,5469
월세,150,"3,000",26,1/2,북서향,37.549603,126.919104,9743
월세,94,"3,000",29,1/5,남서향,37.550189,126.919837,9743
월세,350,"5,000",102,2/3,북서향,37.549846,126.919587,9743
월세,250,"3,000",49,1/3,남서향,37.552027,126.905278,1024
월세,215,"3,000",51,2/16,북향,37.56545,126.903537,1181
월세,250,"3,000",65,1/4,동향,37.564018,126.920283,3852
월세,400,"5,000",75,B1/5,남동향,37.56053,126.924545,1155
월세,260,"7,000",41,1/2,동향,37.548165,126.930982,1983
월세,70,700,21,1/2,북동향,37.548881,126.915605,3589
월세,120,"2,000",20,1/5,남동향,37.563944,126.92455,662
월세,175,"2,000",30,1/5,남동향,37.562338,126.924051,1439
월세,140,"3,000",53,2/4,동향,37.544229,126.914591,230
월세,150,"3,000",43,1/3,동향,37.566314,126.91697,1097
월세,800,2억,244,2/4,서향,37.570358,126.903417,1653
월세,120,"2,000",46,1/4,서향,37.561153,126.902069,1534
월세,400,"5,000",102,1/5,북향,37.554415,126.913586,910
월세,200,"2,500",33,3/4,남향,37.561169,126.926094,1059
월세,120,"2,000",26,1/5,북동향,37.560154,126.919052,1091
월세,550,1억,130,3/7,북동향,37.553149,126.923584,5840
매매,0,6억,33,1/2,남서향,37.548355,126.921654,934
월세,120,"2,000",40,1/5,남서향,37.557782,126.904935,935
월세,400,"5,000",81,B1/2,남동향,37.549895,126.917005,8571
월세,450,"5,000",181,B1/5,남서향,37.551462,126.918243,9743
월세,350,"5,000",50,1/4,북향,37.580164,126.883511,400
월세,270,"5,000",59,1/7,남동향,37.556169,126.915113,806
월세,200,"5,000",56,1/8,남향,37.53976,126.940585,2171
월세,350,"4,000",96,2/8,남향,37.555085,126.938325,1922
월세,110,"1,000",33,1/4,북향,37.553233,126.945607,660
월세,630,1억,364,B1/5,서향,37.547032,126.954221,2489
월세,150,"2,000",66,B1/3,북동향,37.565399,126.923174,909
월세,420,1억,107,4/15,서향,37.556175,126.941291,4782
월세,250,"3,000",90,2/5,남동향,37.560594,126.926438,6355
월세,300,"3,000",84,1/3,북서향,37.549014,126.917926,5890
월세,190,"2,000",108,2/5,북서향,37.552131,126.905624,1024
월세,200,"2,000",39,1/4,동향,37.554639,126.904203,872
월세,150,"2,000",61,B1/2,남동향,37.556827,126.908034,806
월세,110,"2,000",29,B1/3,남동향,37.551375,126.907773,3589
매매,0,"18억 5,000",195,2/8,남향,37.553633,126.926398,8742
매매,0,"2억 4,000",48,B1/19,동향,37.549815,126.954401,2313
매매,0,10억,26,1/4,남동향,37.548972,126.946799,2986
매매,0,"2억 5,000",29,2/2,,37.551541,126.948218,3837
월세,440,"5,000",170,8/15,북동향,37.553869,126.935428,2260
월세,300,"4,000",119,3/5,북향,37.557013,126.90402,1258
월세,190,"3,000",33,B1/3,북동향,37.560579,126.923681,1088
월세,"1,500",6억,428,1/7,,37.551674,126.962128,1696
월세,400,"5,000",80,1/4,동향,37.562554,126.925288,1059
월세,120,"2,000",33,1/4,동향,37.554329,126.917921,2481
월세,230,"5,000",59,3/4,동향,37.539643,126.94741,2576
월세,90,"1,000",29,B1/4,북동향,37.562748,126.918298,534
월세,400,"8,000",49,1/3,동향,37.552875,126.921322,917
월세,140,"2,000",42,1/4,동향,37.554479,126.905716,870
월세,350,"5,000",124,3/6,북향,37.550915,126.922024,940
월세,100,"3,000",49,1/1,남향,37.54603,126.956059,2611
월세,120,"2,000",23,1/2,북동향,37.555995,126.908536,870
월세,800,1억,357,2/6,남동향,37.549113,126.931093,2021
월세,380,"6,000",84,4/4,남향,37.556701,126.926283,6495
월세,140,"1,000",54,2/4,북동향,37.555953,126.907758,870
월세,200,"3,000",48,1/7,서향,37.556185,126.932215,1770
월세,100,"1,200",40,1/4,남서향,37.547058,126.940158,1941
월세,450,"6,000",80,3/4,동향,37.561072,126.924097,1357
월세,160,"3,000",59,1/2,북향,37.539859,126.948626,4364
월세,170,"3,000",41,1/11,남서향,37.544708,126.946049,4411
매매,0,8억,68,1/19,남향,37.556378,126.944278,669
월세,300,"4,000",91,2/15,남동향,37.564813,126.902759,1136
매매,0,"14억 8,500",109,2/15,북동향,37.564649,126.903573,1100
월세,240,"3,000",52,4/4,,37.55614,126.926445,10072
매매,0,10억,41,1/18,남동향,37.545311,126.955319,3797
월세,150,"3,000",29,1/5,남서향,37.562893,126.904563,541
월세,320,"5,000",99,1/3,남동향,37.564494,126.921422,821
월세,210,"3,876",105,1/24,서향,37.550736,126.92567,5361
월세,130,"2,000",36,2/4,,37.562449,126.92466,1059
월세,280,"4,000",92,2/4,동향,37.562742,126.925363,958
월세,"1,800",2억,259,1/2,남서향,37.55035,126.91866,9743
월세,180,"3,000",46,6/6,,37.558903,126.923209,2199
월세,90,"2,000",26,B1/4,남서향,37.555189,126.928788,3089
월세,70,"2,000",23,1/2,동향,37.583464,126.878679,1505
월세,"1,400",3억,99,1/5,북서향,37.555013,126.922689,2283
월세,300,"4,000",68,1/4,동향,37.561941,126.925084,1439
월세,200,"2,000",89,2/4,,37.551508,126.919298,7825
월세,300,"3,000",79,B1/3,남동향,37.557771,126.921179,1588
월세,400,"5,000",53,1/6,북향,37.555963,126.91169,867
매매,0,"3억 6,648",30,2/16,남서향,37.564432,126.904472,1069
월세,120,"2,000",29,B1/4,남동향,37.551777,126.905133,1024
월세,350,"5,000",92,1/4,남향,37.546306,126.916021,6583
월세,350,"5,000",75,1/3,남동향,37.561711,126.924139,1357
월세,290,"4,000",52,1/3,북향,37.560935,126.924803,1143
월세,480,"5,000",66,1/4,북향,37.548861,126.915957,6583
월세,300,"4,000",52,2/2,남서향,37.551874,126.920898,1211
월세,270,"5,000",121,1/2,남서향,37.554475,126.90163,799
월세,600,"1억 2,000",131,1/4,,37.553822,126.928145,1471
월세,350,"6,000",97,5/11,남동향,37.557326,126.924916,5756
월세,260,"3,000",81,3/4,서향,37.54548,126.912489,3589
월세,150,"2,000",91,2/5,남서향,37.553233,126.903463,872
월세,88,"2,000",72,2/4,남동향,37.55434,126.902283,799
월세,330,"6,750",57,1/1,북서향,37.551009,126.953602,2313
월세,200,"3,000",66,1/3,남서향,37.563636,126.92679,1240
월세,240,"3,000",42,1/5,남동향,37.553216,126.933286,834
월세,200,"2,000",198,B1/4,동향,37.550103,126.956207,3797
월세,65,"1,000",16,1/3,동향,37.548825,126.945434,4809
월세,400,"6,000",28,1/1,남동향,37.539924,126.948484,4364
월세,220,"4,000",34,1/2,남향,37.555599,126.908625,867
월세,200,"2,000",134,B1/5,동향,37.555372,126.908141,910
월세,140,"3,000",20,1/4,남서향,37.555388,126.925281,7753
월세,85,"1,300",113,B1/4,서향,37.539101,126.94794,2045
월세,180,"3,000",42,1/5,남서향,37.55506,126.911359,910
월세,130,"2,000",65,3/3,북동향,37.553049,126.908436,3589
월세,270,"3,000",80,3/5,남향,37.545722,126.915211,6583
월세,210,"5,000",126,3/4,북향,37.552489,126.922567,943
월세,800,1억,126,1/5,북향,37.556312,126.928096,2619
월세,400,"8,000",37,1/6,,37.54656,126.951168,1867
월세,230,"2,000",49,1/3,남향,37.549508,126.917519,8571
월세,99,"1,000",25,B1/18,동향,37.55531,126.920974,2305
월세,900,"1억 6,000",149,1/5,남동향,37.553857,126.924885,2284
월세,500,"1억 2,000",190,1/2,동향,37.54007,126.948237,4364
월세,350,"5,000",81,1/5,남서향,37.549523,126.907415,3589
월세,"1,500",2억,323,1/4,남동향,37.561382,126.924111,1357
월세,350,"5,000",124,1/5,동향,37.55787,126.920883,1588
월세,100,"1,500",33,2/3,북동향,37.552642,126.904668,987
월세,170,"2,000",49,1/1,남동향,37.559345,126.918507,1494
월세,"1,548","2억 6,420",184,1/22,남향,37.576144,126.898666,4644
월세,150,"2,000",99,B1/5,,37.541066,126.9413,1690
월세,450,1억,81,1/16,서향,37.542219,126.947896,2269
매매,0,"8억 9,500",55,1/1,남동향,37.550743,126.952182,2111
월세,160,"2,000",135,2/3,남향,37.556711,126.950882,989
월세,300,"3,000",92,1/5,남향,37.558933,126.915766,789
월세,400,"6,000",171,1/3,남향,37.556531,126.900127,1102
월세,200,"3,000",56,3/4,남동향,37.549575,126.917975,8571
월세,180,"2,000",73,2/2,남동향,37.548933,126.917475,8571
월세,200,"3,000",95,2/4,남서향,37.570173,126.903857,1653
월세,300,"6,000",80,1/5,북동향,37.548558,126.917399,8571
월세,150,"2,000",62,B1/3,북향,37.549188,126.908243,3589
월세,320,"5,000",109,B1/9,북향,37.547592,126.920938,2663
월세,130,"3,000",19,B1/3,동향,37.554288,126.928363,1471
월세,75,"1,000",49,1/1,남서향,37.546996,126.946123,4759
월세,300,"5,000",51,1/13,남동향,37.579141,126.869335,965
월세,800,1억,194,1/2,남향,37.548775,126.915256,3589
월세,600,1억,103,1/7,남향,37.547955,126.924332,953
월세,360,"5,000",193,2/5,북향,37.556819,126.925794,5756
월세,270,"5,000",132,1/5,남서향,37.549985,126.905087,3589
월세,75,"1,000",67,B1/5,동향,37.555919,126.955449,969
월세,110,"2,000",47,2/5,북향,37.556539,126.947853,481
월세,200,"2,000",56,1/5,남동향,37.556123,126.908795,867
월세,180,"2,000",53,1/3,북동향,37.57783,126.895355,316
월세,250,"3,000",60,4/4,남향,37.549046,126.92392,870
월세,135,"1,000",44,3/3,남동향,37.556861,126.926564,6495
월세,240,"3,000",87,2/4,남향,37.561538,126.924691,1439
월세,120,"1,500",32,1/3,동향,37.581867,126.878463,1505
월세,300,"4,000",192,5/5,,37.555339,126.919927,2305
월세,200,"2,000",45,2/2,남서향,37.554378,126.923655,5192
월세,120,"2,000",72,2/5,서향,37.556015,126.946138,669
월세,"5,000",5억,298,1/4,북서향,37.555745,126.923603,6945
월세,200,"3,000",67,2/5,남서향,37.558111,126.910837,1284
월세,"2,650","3억 8,000",569,1/5,북동향,37.55022,126.916252,5469
월세,100,"4,000",70,1/5,동향,37.567381,126.908395,1037
월세,220,"3,000",124,3/5,남향,37.564534,126.923341,1010
월세,120,"1,500",51,1/5,남서향,37.551303,126.909972,3589
월세,300,"3,000",165,B1/3,남향,37.557523,126.904687,935
월세,310,"4,000",86,1/6,남동향,37.558098,126.922558,1150
월세,"1,200",2억,248,1/5,동향,37.553848,126.927434,8742
월세,"2,800",3억,654,1/5,북서향,37.549823,126.917955,8571
월세,900,1억,308,1/2,북향,37.552946,126.922372,943
월세,400,1억,85,1/6,북향,37.575071,126.895497,5185
월세,110,"1,000",15,3/6,남동향,37.562887,126.914614,1246
월세,170,"3,000",41,1/2,북서향,37.554972,126.927006,1471
월세,200,"3,000",21,1/2,동향,37.554647,126.905187,870
월세,710,1억,295,B1/8,남향,37.553285,126.936884,1904
월세,350,1억,47,1/3,북서향,37.555767,126.934316,1958
월세,220,"3,000",81,1/3,남향,37.5491,126.920297,7825
월세,80,"1,000",9,B1/2,남향,37.547942,126.92226,940
월세,130,"1,500",33,2/3,북서향,37.561976,126.926352,1059
월세,200,"3,000",39,B1/3,서향,37.5462,126.912154,3589
월세,99,"1,200",20,1/2,동향,37.557833,126.904028,879
월세,120,"1,000",32,1/4,동향,37.55782,126.91714,850
월세,200,"3,000",52,1/4,동향,37.561133,126.904763,1140
월세,400,"5,000",161,3/7,북향,37.550639,126.920526,7549
월세,220,"4,000",105,1/5,동향,37.560139,126.903482,1140
월세,400,"5,000",82,1/4,남향,37.56554,126.923336,662
월세,250,"3,000",96,1/2,,37.555741,126.927781,9541
월세,300,"5,000",54,1/1,,37.556586,126.925699,5756
월세,180,"3,000",40,1/4,북동향,37.53822,126.946795,2045
월세,170,"3,000",19,B1/2,남향,37.55218,126.920641,1211
월세,700,"8,000",217,B1/6,남향,37.556763,126.920979,1647
월세,900,2억,214,1/2,남향,37.548933,126.924504,5652
월세,400,"7,000",84,3/4,,37.554314,126.932103,834
월세,900,"1억 5,000",215,2/6,남향,37.553536,126.922288,2305
월세,350,"4,000",181,3/5,북서향,37.554283,126.920856,2305
월세,250,"3,000",30,1/6,동향,37.554674,126.937556,2432
월세,240,"3,000",70,1/4,남서향,37.545873,126.923133,5706
월세,225,"3,000",61,1/4,남서향,37.547317,126.922688,5973
월세,200,"3,000",121,B1/4,남향,37.549254,126.922841,940
매매,0,"5억 5,500",43,2/15,북동향,37.56508,126.903087,1136
매매,0,"4억 1,000",46,2/15,남서향,37.564207,126.9033,1100
월세,150,"2,000",42,1/2,남동향,37.559848,126.906386,1763
월세,230,"3,000",56,2/4,서향,37.561559,126.925483,1439
월세,"1,500",2억,461,1/5,남서향,37.558271,126.910794,1284
월세,180,"3,000",63,1/5,북향,37.552659,126.912636,3589
월세,250,"5,000",132,5/6,북동향,37.555607,126.910115,910
월세,800,1억,53,1/6,남향,37.552551,126.923384,2305
월세,160,"1,000",53,1/3,남향,37.548264,126.921325,934
월세,250,"3,000",145,B1/3,동향,37.549698,126.917088,8571
월세,"1,000",2억,284,3/9,북동향,37.548795,126.939327,2111
월세,420,"7,000",72,1/4,남동향,37.55162,126.915212,4502
월세,700,1억,311,B1/6,서향,37.558939,126.92272,2199
월세,"4,000",5억,254,1/6,남서향,37.551587,126.921638,917
월세,160,"3,000",47,1/7,북향,37.553761,126.92924,1471
월세,200,"2,000",128,1/4,북동향,37.552022,126.905868,1024
월세,"1,000",1억,138,1/6,남향,37.552476,126.921106,917
월세,500,1억,33,1/4,북동향,37.553765,126.922991,2305
월세,270,"5,000",59,1/7,남향,37.556052,126.915245,806
월세,200,"1,000",23,B1/3,남서향,37.554346,126.927235,1471
월세,180,"2,000",64,B1/3,남동향,37.555903,126.923982,6945
월세,250,"2,000",93,2/5,남동향,37.558722,126.924758,1735
월세,565,"5,000",52,1/2,서향,37.540611,126.942824,2743
월세,210,"2,000",90,B1/6,남동향,37.553676,126.918353,9360
월세,100,"1,500",33,B1/2,남서향,37.564368,126.917065,534
월세,250,"5,000",34,1/20,동향,37.552002,126.956515,4710
월세,150,"2,000",67,5/5,북서향,37.553483,126.920864,943
월세,"1,300","2억 5,000",148,1/1,남향,37.553094,126.925266,7227
월세,250,"3,500",68,1/4,동향,37.553431,126.903174,872
월세,130,"1,800",62,1/2,남서향,37.55331,126.903355,872
월세,140,"2,000",39,1/7,남서향,37.555063,126.933058,2032
월세,500,1억,101,1/4,동향,37.551097,126.923738,953
월세,230,"3,000",39,B1/3,남향,37.560609,126.925422,1143
월세,500,"8,000",127,1/5,서향,37.557186,126.914183,1284
월세,250,"5,000",115,1/2,동향,37.556545,126.954333,910
월세,650,"8,000",170,2/14,북서향,37.539967,126.947064,2428
월세,"1,200","1억 2,000",203,1/10,남서향,37.557171,126.909569,806
월세,210,"3,000",51,1/5,남서향,37.552722,126.905347,987
월세,400,"5,000",166,2/5,서향,37.551136,126.923498,953
월세,250,"3,000",26,1/2,북향,37.541939,126.951992,2883
월세,260,"4,000",91,2/5,북동향,37.549312,126.915095,3589
월세,170,"2,000",29,1/8,북서향,37.541246,126.954046,6215
월세,130,"5,000",31,1/5,북동향,37.577143,126.896348,316
월세,230,"4,000",65,1/5,북동향,37.549383,126.921744,934
월세,275,"5,000",74,1/2,북서향,37.556055,126.92637,10072
월세,100,"2,000",65,4/5,남향,37.540082,126.943655,2743
월세,240,"2,000",200,B1/4,북향,37.547134,126.914225,3589
월세,200,"3,000",59,1/5,동향,37.552025,126.961998,1696
월세,230,"2,500",68,B1/2,남서향,37.555284,126.908339,875
월세,158,"2,000",49,1/7,남동향,37.556359,126.899126,1006
월세,80,"2,000",22,B1/2,남서향,37.551024,126.959616,5047
월세,900,1억,269,1/3,남서향,37.545656,126.919382,2663
월세,85,"1,000",30,4/4,남서향,37.555947,126.926276,10072
월세,"2,500","2억 5,000",480,1/10,남서향,37.545659,126.917753,1039
월세,402,"8,000",70,1/5,남동향,37.561189,126.905793,931
월세,190,"6,000",66,1/4,동향,37.538576,126.946625,3590
월세,100,"1,500",33,1/4,북서향,37.561234,126.918164,1410
월세,130,"2,000",54,B1/4,북향,37.554442,126.909548,5576
월세,220,"3,000",84,2/4,서향,37.557976,126.908721,1284
월세,190,"3,000",20,1/2,남서향,37.542309,126.951624,2736
월세,300,"1억 3,000",132,3/6,,37.542738,126.946545,4828
월세,250,"5,000",39,1/21,북동향,37.552514,126.95684,2265
월세,250,"3,000",34,1/5,남향,37.543607,126.944135,2513
매매,0,"1억 5,000",52,B1/20,,37.541275,126.946306,1900
월세,170,"2,000",45,3/3,북서향,37.556906,126.907916,806
월세,200,"3,000",77,4/5,남서향,37.556595,126.910584,1359
월세,450,1억,56,1/2,,37.540069,126.947891,4364
월세,380,"3,000",165,B1/4,북서향,37.55316,126.92203,943
월세,180,"3,000",81,B1/3,남동향,37.577396,126.893271,316
월세,340,"5,000",102,2/3,남동향,37.577725,126.893366,316
월세,270,"3,000",14,1/3,북동향,37.578207,126.895262,316
월세,60,"1,000",25,1/3,북동향,37.57406,126.9019,806
월세,140,"2,000",27,1/4,남동향,37.547184,126.913871,3589
월세,280,"2,000",54,1/4,,37.551423,126.937179,4403
월세,550,"6,000",166,1/4,동향,37.540687,126.944719,1756
월세,570,"8,000",62,1/4,서향,37.561141,126.925895,1059
월세,350,"5,000",176,5/6,동향,37.552195,126.912062,3589
월세,"2,100",6억,288,1/10,북동향,37.555377,126.935353,2122
월세,600,1억,101,1/4,서향,37.552741,126.922075,943
월세,130,"2,000",36,1/10,,37.556846,126.953622,910
월세,300,"4,000",33,1/3,남동향,37.553661,126.922047,943
월세,150,"2,000",41,B1/2,남향,37.549224,126.917424,8571
월세,430,"5,000",181,2/6,,37.566864,126.917161,1611
월세,80,"1,000",33,1/4,남서향,37.553985,126.932236,834
월세,180,"2,000",33,1/1,남서향,37.55582,126.918057,873
월세,"1,700","1억 5,000",478,1/6,남서향,37.55974,126.919801,1091
월세,300,"4,000",52,1/5,북동향,37.546548,126.953887,2489
월세,180,"3,000",42,1/5,북서향,37.538048,126.950416,6147
월세,80,"3,000",45,1/4,서향,37.563468,126.909256,1265
월세,175,"3,000",46,1/7,동향,37.553787,126.929067,1471
월세,400,"8,000",89,1/3,남동향,37.558914,126.926076,6595
월세,330,"5,000",89,1/1,동향,37.552598,126.903134,872
월세,180,"2,000",26,1/5,북향,37.551877,126.918725,21404
월세,784,"1억 2,000",297,1/3,남동향,37.559017,126.926141,6595
월세,200,"3,000",66,2/4,,37.554885,126.928739,3089
월세,230,"3,000",84,B1/2,북동향,37.556131,126.919306,2305
월세,520,"7,000",69,1/5,북서향,37.56171,126.924689,1439
월세,320,"3,000",76,2/3,남향,37.560849,126.924547,1143
월세,250,"2,000",99,B1/4,남서향,37.556778,126.922165,847
월세,170,"2,000",66,2/3,동향,37.550128,126.910778,3589
월세,80,"1,000",50,B1/3,남동향,37.558997,126.917212,846
월세,60,"1,000",33,1/3,동향,37.539417,126.949389,2883
월세,300,"1억 3,000",132,3/6,남동향,37.542665,126.946671,4828
월세,350,"5,000",49,1/6,,37.551745,126.917809,9743
월세,140,"3,000",43,3/4,,37.555815,126.928457,3089
월세,180,"4,000",29,1/3,남서향,37.54727,126.951854,1867
월세,200,"3,000",46,4/4,남서향,37.555981,126.930332,2619
월세,150,"6,000",54,1/6,북향,37.538145,126.947318,2045
월세,200,"2,000",85,3/4,남서향,37.541562,126.950477,4384
월세,220,"2,000",39,2/5,남서향,37.56152,126.925741,1059
매매,0,"9억 7,000",141,2/3,남향,37.570501,126.905948,1438
월세,180,"3,000",72,3/6,북동향,37.562574,126.926563,1069
월세,280,"5,000",68,1/5,북향,37.560563,126.925083,1143
월세,250,"3,000",67,5/6,남서향,37.556369,126.914356,797
월세,290,"3,000",39,1/7,서향,37.558338,126.926253,1838
월세,185,"3,000",32,2/3,북서향,37.542002,126.951786,4384
월세,700,"5,000",186,1/5,북동향,37.5765,126.895047,5185
월세,230,"5,000",49,1/4,남동향,37.538488,126.946148,1802
월세,250,"3,000",94,2/4,남향,37.546027,126.915947,6583
월세,140,"2,000",30,2/5,남서향,37.548007,126.925228,5652
월세,260,"3,000",49,1/4,남향,37.549966,126.936611,4200
월세,540,"5,000",158,1/3,북향,37.551059,126.917672,8571
월세,160,"3,000",41,2/8,남향,37.556498,126.947626,481
월세,220,"3,000",56,2/4,북서향,37.550411,126.923262,5652
월세,165,"2,000",33,B1/2,남동향,37.555121,126.92765,1471
월세,100,"2,000",44,1/3,남서향,37.556216,126.962657,1205
월세,100,"2,000",52,B1/5,북향,37.552127,126.920386,1211
월세,150,"3,000",33,B1/2,남동향,37.557087,126.908458,806
월세,270,"3,000",92,4/5,북서향,37.550691,126.918991,9743
월세,600,1억,250,2/5,동향,37.551942,126.922631,917
월세,130,"2,000",50,3/5,서향,37.555209,126.920076,2305
월세,300,"4,000",113,1/4,남서향,37.551802,126.909321,3589
월세,"2,600",3억,136,1/5,남향,37.552539,126.922174,943
월세,250,"4,000",70,2/22,남동향,37.552182,126.955507,3130
월세,400,"7,000",73,1/4,남향,37.551548,126.920382,7549
월세,600,"5,000",194,1/2,동향,37.563249,126.917384,534
월세,120,"1,500",83,3/4,서향,37.55613,126.946128,669
월세,190,"2,000",57,1/4,남향,37.562124,126.918253,534
월세,60,"1,000",16,1/2,,37.54711,126.938393,2120
월세,80,"1,000",19,1/5,,37.544844,126.939498,1941
월세,350,"5,000",115,1/4,남동향,37.576669,126.894482,5185
월세,350,"7,000",112,2/4,남동향,37.577662,126.893853,316
월세,160,"3,000",42,1/3,남서향,37.555087,126.929209,2155
매매,0,24억,74,1/1,남동향,37.548155,126.918823,9743
월세,200,"2,000",198,B1/4,동향,37.549976,126.956145,3797
월세,110,"1,500",33,2/5,서향,37.547006,126.923221,953
매매,0,"33억 5,000",99,1/1,북서향,37.547581,126.941972,1904
월세,70,"1,000",24,1/5,남서향,37.558033,126.89951,1062
월세,150,"2,000",73,2/4,남동향,37.549207,126.910611,3589
월세,200,"2,000",85,3/4,북서향,37.549382,126.917182,8571
월세,320,"5,000",110,1/3,동향,37.554498,126.926936,1471
월세,400,"5,000",106,3/7,남서향,37.550535,126.923455,5652
월세,"1,200",3억,340,2/15,북서향,37.556763,126.924162,6945
월세,200,"2,000",83,2/3,남향,37.549454,126.910743,3589
월세,210,"4,000",66,2/3,남동향,37.550351,126.954881,2313
월세,230,"3,000",33,1/5,,37.552605,126.910614,3589
월세,150,"2,000",48,B1/8,남향,37.557279,126.927694,12424
월세,180,"2,500",62,5/5,북향,37.548357,126.920592,7825
월세,300,"7,000",69,2/4,북향,37.555261,126.92298,2283
월세,"1,300",2억,417,1/6,남서향,37.557429,126.908129,1284
월세,470,"3,000",272,2/3,동향,37.542069,126.948664,3429
월세,85,"1,000",23,1/4,서향,37.55348,126.932674,834
월세,80,"1,000",26,2/16,남서향,37.565285,126.90287,1136
월세,900,1억,259,1/4,북서향,37.556634,126.931769,2182
월세,300,"4,000",53,1/3,,37.562246,126.925213,1059
월세,220,"3,000",70,3/4,남서향,37.562703,126.924317,1010
월세,360,"4,000",99,4/5,남동향,37.562831,126.924535,1010
월세,350,"5,000",120,1/7,서향,37.550724,126.918343,9743
월세,200,"3,000",43,3/3,남서향,37.559682,126.924172,3733
월세,400,1억,131,1/3,,37.551155,126.923863,953
월세,200,"3,000",122,B1/4,남향,37.552568,126.923269,2305
월세,200,"2,000",49,1/4,남동향,37.560726,126.920469,1660
월세,150,"2,000",33,1/14,동향,37.564634,126.905402,1069
월세,100,"1,000",30,1/2,남서향,37.540754,126.95133,2883
월세,148,"1,000",33,1/3,남향,37.54811,126.918959,9743
매매,0,"3억 2,000",37,2/4,남향,37.553241,126.959711,4756
월세,150,"2,000",87,B1/2,남동향,37.549539,126.920044,7825
월세,550,"6,000",69,1/1,북동향,37.564745,126.923046,1010
월세,250,"3,000",66,2/8,남서향,37.555287,126.932723,2032
월세,180,"1,500",46,1/2,남향,37.561586,126.91812,473
월세,200,"3,000",36,1/3,남향,37.54887,126.914783,3589
월세,160,"1,800",27,1/5,,37.552284,126.912561,3589
월세,"1,804","3억 6,530",248,1/4,서향,37.551275,126.923572,953
월세,300,"4,000",80,3/4,동향,37.559862,126.924207,3733
월세,"1,000",1억,119,1/6,남동향,37.54145,126.947233,2428
월세,140,"2,000",26,1/2,북동향,37.559379,126.918473,1494
월세,185,"3,000",53,1/5,동향,37.545982,126.922143,1030
월세,400,"5,000",49,1/5,남동향,37.557195,126.922636,847
월세,150,"2,000",52,2/2,동향,37.555682,126.907641,870
월세,85,"1,500",21,1/3,남향,37.559829,126.902165,4000
월세,90,"3,000",26,1/5,북동향,37.549055,126.95194,2111
월세,200,"2,500",49,1/2,동향,37.547991,126.913195,3589
월세,300,"5,000",83,1/7,북동향,37.562257,126.904221,1310
월세,300,"1억 3,000",132,3/6,남동향,37.54277,126.946795,4828
월세,145,"2,500",36,B1/3,남서향,37.565725,126.923511,662
월세,250,"3,000",64,1/2,남동향,37.555494,126.925584,7753
월세,450,"5,000",155,1/7,남서향,37.556658,126.921102,1647
월세,800,2억,206,B1/8,북동향,37.553839,126.922771,2305
월세,200,"2,500",72,3/5,동향,37.547396,126.956034,3797
월세,255,"3,000",70,2/32,남서향,37.577554,126.890632,2685
매매,0,10억,40,1/12,북서향,37.566259,126.903395,1181
월세,330,1억,72,2/6,북동향,37.539797,126.947362,2576
월세,242,"2,000",42,1/3,북동향,37.542057,126.951522,4384
월세,550,"8,000",200,B1/2,북동향,37.562351,126.92548,1059
월세,400,"6,000",92,B1/5,북향,37.549813,126.935235,2738
월세,800,"1억 5,000",219,2/5,남향,37.552912,126.9232,5840
월세,110,"2,000",79,B1/4,북동향,37.557688,126.928107,1838
월세,95,"2,000",48,B1/2,동향,37.555519,126.932541,2033
월세,150,"3,000",60,B1/2,남서향,37.548285,126.925465,5361
월세,280,"5,000",149,2/5,북향,37.549058,126.906897,3589
월세,500,1억,61,1/4,남향,37.551947,126.921113,917
월세,180,"5,000",120,6/7,서향,37.554383,126.936353,2720
월세,360,"5,000",78,B1/4,북향,37.560639,126.924758,1143
월세,70,"2,000",28,3/4,북향,37.557037,126.953146,1487
월세,95,"2,000",120,B1/4,동향,37.553766,126.945718,660
월세,650,"5,000",63,1/1,서향,37.562191,126.926056,1059
월세,270,"4,000",90,3/4,남동향,37.555697,126.925465,7753
월세,120,"1,500",55,2/4,북향,37.548306,126.914628,3589
월세,440,1억,19,1/3,남동향,37.555654,126.923636,6945
월세,165,"5,000",84,1/4,서향,37.546371,126.954568,3140
매매,0,13억,111,B1/4,북서향,37.548867,126.921691,934
월세,400,"5,000",107,2/3,서향,37.54994,126.922273,940
월세,60,"1,000",26,B1/6,북향,37.556249,126.946875,2811
월세,600,"5,000",153,2/5,북동향,37.557394,126.929653,7311
월세,60,"1,000",33,3/5,남서향,37.560064,126.921419,1087
월세,300,"4,500",109,2/4,남동향,37.564227,126.922549,1010
월세,220,"3,000",89,B1/5,남서향,37.564635,126.924771,942
월세,200,"1,000",16,1/2,동향,37.550331,126.919945,7825
월세,150,"2,000",23,1/4,북향,37.547178,126.922673,5973
월세,155,"3,000",101,2/5,남동향,37.577957,126.89597,316
월세,500,"5,000",101,2/5,서향,37.55515,126.923737,5192
월세,140,"2,000",36,B1/3,북서향,37.554683,126.928302,1471
월세,270,"3,000",48,2/3,남서향,37.555899,126.930456,2619
월세,220,"3,000",82,2/4,북동향,37.559796,126.921363,1050
월세,200,"3,000",66,3/4,남향,37.562702,126.924956,1059
월세,"6,000",30억,640,1/4,서향,37.555268,126.92377,5192
월세,250,"3,000",86,1/2,남서향,37.544088,126.914485,230
월세,250,"3,000",92,3/5,남향,37.54882,126.91742,8571
월세,250,"3,000",92,1/2,남향,37.55437,126.905594,870
월세,130,"1,000",51,1/5,남향,37.555725,126.900703,1740
월세,440,"6,000",115,1/2,북향,37.554371,126.937812,2432
월세,85,"1,500",108,B1/5,남서향,37.557159,126.961201,1343
월세,400,"4,000",42,1/1,동향,37.555353,126.933483,2032
월세,250,"3,000",33,1/14,북향,37.556171,126.941065,660
월세,200,"3,000",108,B1/4,남향,37.549231,126.918678,9743
월세,700,1억,182,1/3,남향,37.543887,126.939542,2408
월세,330,"3,000",67,1/7,서향,37.559059,126.907778,1158
월세,300,"4,500",116,2/2,남동향,37.564302,126.922649,1010
월세,160,"2,000",52,B1/4,남서향,37.555362,126.926914,7503
월세,110,"1,000",32,1/2,서향,37.548241,126.923786,953
월세,150,"2,000",25,B1/5,동향,37.565509,126.921677,1010
월세,410,"9,000",52,1/5,남향,37.548482,126.916746,6583
월세,320,"5,000",50,1/5,서향,37.556515,126.910001,835
월세,500,"5,000",30,1/1,북동향,37.554259,126.932212,834
월세,600,"5,000",39,1/1,남서향,37.555054,126.931716,834
월세,350,1억,91,2/4,북서향,37.553089,126.923735,5840
월세,320,"4,000",71,B1/5,북동향,37.56251,126.924108,1439
월세,100,"1,000",33,1/4,북서향,37.558172,126.909575,1284
월세,230,"3,000",49,B1/2,남향,37.563343,126.927376,1389
월세,120,"3,000",40,1/5,남서향,37.567717,126.909635,1069
월세,420,"5,000",181,2/5,북서향,37.550697,126.923729,5652
월세,510,"4,000",245,4/5,,37.553838,126.945491,660
월세,197,"3,000",50,1/5,북동향,37.577593,126.893539,316
월세,240,"8,000",132,B1/5,,37.555125,126.922836,2283
월세,180,"2,000",16,1/6,북동향,37.5486,126.917203,8571
월세,125,"1,000",19,1/3,북향,37.551955,126.919337,7549
월세,400,"5,000",175,1/4,서향,37.565089,126.923774,662
월세,50,"1,000",71,B1/3,남동향,37.573313,126.902037,806
월세,230,"3,500",26,1/7,남동향,37.555946,126.92662,10072
월세,70,"2,000",40,2/2,남향,37.547041,126.928335,1205
월세,150,"6,000",57,1/6,북향,37.538162,126.947262,2045
월세,180,"2,000",34,1/2,동향,37.549498,126.922885,940
월세,60,"1,000",19,1/1,북서향,37.547349,126.958924,3270
월세,295,"5,000",133,2/3,남향,37.555423,126.934649,1958
월세,70,"1,500",21,1/2,남동향,37.54708,126.928591,3435
월세,130,"2,000",26,B1/2,남서향,37.563097,126.925815,1382
월세,170,"4,000",56,1/2,남서향,37.543144,126.943326,1816
월세,700,1억,241,1/3,북향,37.549081,126.917181,8571
월세,260,"3,000",81,2/2,동향,37.549445,126.918538,5890
월세,90,"2,000",45,B1/5,북향,37.551943,126.919485,7549
월세,250,"3,000",46,1/4,동향,37.550039,126.910893,3589
월세,180,"2,000",53,2/3,동향,37.562103,126.926197,1059
월세,150,"2,000",29,B1/2,북동향,37.549345,126.922222,940
월세,130,"2,000",33,1/3,동향,37.557949,126.918106,850
월세,60,"2,000",33,B1/3,남서향,37.549078,126.924509,5652
월세,270,"6,000",33,1/1,북서향,37.54195,126.951782,4384
월세,150,"2,000",36,1/5,남향,37.545749,126.914426,6583
월세,200,"2,000",33,2/3,남향,37.548934,126.955005,3140
월세,"1,100","1억 2,000",264,1/5,남향,37.545533,126.922036,1030
월세,230,"3,000",60,1/7,서향,37.547469,126.917588,5890
월세,90,"1,000",17,1/3,남향,37.558062,126.905027,935
월세,90,"1,000",26,1/2,북향,37.557864,126.90526,935
월세,190,"3,000",49,1/2,남서향,37.555774,126.92571,5756
월세,440,1억,66,1/5,남동향,37.549127,126.916629,6583
월세,270,"4,000",108,2/4,남동향,37.556012,126.921439,1160
월세,240,"3,000",38,1/1,북향,37.555723,126.939627,6891
월세,700,"7,000",297,1/1,북향,37.539625,126.947179,2576
매매,0,36억,182,1/3,서향,37.548719,126.922437,940
월세,270,"2,000",27,1/4,동향,37.55103,126.922986,881
월세,"1,100",2억,198,1/5,북서향,37.558359,126.926507,1838
월세,400,"5,000",216,2/3,서향,37.562323,126.904937,541
월세,500,"5,000",132,1/4,남동향,37.553498,126.920239,9360
월세,"2,700","3억 2,500",594,1/6,남향,37.54912,126.923729,870
월세,90,"2,000",53,B1/3,북향,37.541915,126.952101,2883
월세,900,2억,148,1/2,서향,37.554895,126.922531,2283
월세,50,"1,000",7,1/5,북동향,37.547607,126.939743,2111
월세,175,"2,000",109,2/5,북향,37.556351,126.942636,1841
월세,250,"2,000",115,2/5,북서향,37.554856,126.934258,1691
월세,220,"4,000",51,1/4,남서향,37.558669,126.911738,1349
월세,150,"2,000",109,B1/5,,37.547256,126.933059,3217
월세,150,"2,000",29,1/5,동향,37.539109,126.947139,3590
월세,"2,000",3억,349,전체층/6,남동향,37.553294,126.933358,834
월세,"1,100",2억,383,4/4,서향,37.547663,126.95973,5885
월세,200,"2,000",47,4/4,남동향,37.546829,126.922069,940
월세,300,"3,000",119,2/6,북서향,37.554817,126.916446,7549
월세,150,"2,000",114,B1/4,남서향,37.555222,126.930233,834
월세,550,"1억 3,000",147,1/3,남향,37.545874,126.916739,6503
월세,100,"1,000",79,B1/4,서향,37.561388,126.905628,1140
월세,750,"8,000",28,1/5,남서향,37.555208,126.925737,10072
월세,400,1억,89,1/5,남서향,37.552917,126.923042,5840
월세,800,2억,364,B1/6,남동향,37.551906,126.920666,1211
월세,460,"6,000",64,1/15,남서향,37.565714,126.903295,1181
월세,550,1억,347,6/7,남동향,37.551491,126.923088,953
월세,"2,620",3억,721,2/5,북서향,37.55093,126.909143,3589
월세,180,"4,000",63,2/5,남서향,37.555839,126.909242,867
월세,950,1억,228,2/2,남향,37.558634,126.920908,1091
월세,"4,000",5억,1236,1/5,남동향,37.558113,126.920625,1172
월세,350,"3,000",123,3/4,동향,37.553699,126.922488,2305
월세,280,"5,000",82,2/4,북동향,37.562922,126.92574,1382
월세,450,"3,000",9,1/2,동향,37.554117,126.922338,943
월세,100,"2,000",29,3/3,남동향,37.544088,126.914321,230
월세,710,1억,188,1/2,동향,37.553295,126.911781,854
월세,121,"1,500",33,1/4,남동향,37.563199,126.926528,1095
월세,130,"1,000",137,B1/4,남향,37.555275,126.916577,2481
월세,90,"1,000",85,B1/4,북동향,37.563725,126.92614,1095
월세,800,1억,204,B1/6,남향,37.557947,126.920471,1172
월세,200,"2,000",134,4/4,남향,37.552749,126.923831,2305
월세,500,"5,000",194,5/7,북동향,37.550733,126.920204,7825
월세,190,"3,000",125,B1/5,서향,37.551541,126.922654,870
월세,100,"1,000",15,1/4,북향,37.547349,126.921041,2663
월세,250,"3,000",149,B1/2,남향,37.539,126.950999,6943
월세,150,"3,000",67,B1/3,남동향,37.5381,126.947583,3462
월세,350,"5,000",117,2/5,동향,37.556749,126.951494,1004
월세,138,"2,000",26,1/5,동향,37.551707,126.906812,3589
월세,90,"1,000",25,1/3,남동향,37.549192,126.933683,834
월세,680,1억,267,B1/9,,37.549451,126.939381,2111
월세,100,"1,000",27,2/4,서향,37.554625,126.906875,910
월세,240,"3,000",75,1/3,남동향,37.549188,126.921502,934
월세,700,"1억 2,000",214,1/6,남동향,37.578848,126.894794,316
월세,450,"5,000",132,1/2,남향,37.547508,126.937728,4462
월세,380,"4,000",148,2/6,북향,37.552189,126.916416,21404
월세,200,"3,000",45,B1/2,서향,37.548111,126.921647,934
월세,"1,100","1억 1,000",329,3/3,서향,37.537102,126.945631,3590
월세,280,"5,000",71,2/2,남향,37.560413,126.920755,1050
월세,880,"2억 2,000",543,2/5,남향,37.551981,126.922102,870
월세,90,"1,000",16,1/5,북서향,37.54614,126.922731,953
월세,80,"1,000",23,1/3,북향,37.553636,126.910296,3589
월세,240,"3,000",63,1/6,동향,37.545754,126.931639,703
월세,310,"3,700",73,1/14,,37.578549,126.894288,316
월세,350,"5,000",95,2/3,남향,37.552483,126.922389,943
월세,235,"4,000",82,1/2,남향,37.555962,126.92537,5756
월세,230,"5,000",86,2/2,남향,37.547952,126.921773,934
월세,270,"3,000",70,1/3,동향,37.547304,126.941624,1904
월세,170,"2,000",64,1/6,,37.547937,126.960717,1843
월세,95,"1,000",29,1/2,남향,37.563093,126.917412,534
월세,350,"4,000",72,1/1,남향,37.549148,126.938207,2778
월세,250,"3,000",60,2/3,북서향,37.548961,126.919267,9743
월세,250,"3,000",49,B1/2,동향,37.555497,126.926421,10072
월세,"1,200","1억 5,000",320,1/3,남향,37.554443,126.918869,9360
월세,270,"3,000",99,2/5,북서향,37.554855,126.930407,834
월세,400,"3,000",102,1/1,동향,37.544745,126.952234,2466
월세,130,"2,000",27,1/1,북동향,37.557927,126.928334,1838
월세,230,"3,000",59,1/3,동향,37.538107,126.94659,3215
월세,200,"3,000",46,2/4,남향,37.562937,126.925977,1382
월세,270,"6,000",88,1/2,남동향,37.552717,126.922232,943
월세,480,"6,000",82,1/3,북향,37.55211,126.921282,917
월세,230,"3,000",170,B1/5,동향,37.553071,126.92724,1579
월세,200,"2,000",82,3/3,,37.559124,126.926204,6595
월세,500,"8,000",88,2/8,북향,37.541747,126.952856,7754
월세,180,"2,000",59,1/2,서향,37.554451,126.927354,1471
월세,600,1억,213,2/4,남서향,37.555479,126.925116,7753
월세,200,"2,000",158,3/4,남향,37.566001,126.910833,541
월세,100,"3,000",30,1/3,남서향,37.546798,126.945594,2572
월세,200,"3,000",71,3/3,남향,37.554821,126.923333,5192
월세,200,"3,000",110,5/7,북동향,37.566694,126.910201,974
월세,120,"3,000",147,B1/4,,37.544345,126.935777,6557
월세,380,"5,000",119,3/6,동향,37.53795,126.947268,2045
월세,65,"1,000",85,B1/3,서향,37.555075,126.947179,2027
월세,180,"2,000",72,2/4,북서향,37.55291,126.920687,917
월세,160,"3,000",29,1/4,동향,37.556279,126.908093,870
월세,260,"3,000",90,2/4,북동향,37.552378,126.916741,7940
월세,260,"4,500",87,3/5,북서향,37.555506,126.924,5192
월세,768,"7,000",272,2/7,남동향,37.550161,126.904363,359
월세,200,"1,500",30,1/6,동향,37.554571,126.911073,5576
월세,400,"5,000",151,2/7,서향,37.548942,126.920991,934
월세,120,"3,000",16,B1/15,,37.554066,126.935688,2260
월세,135,"2,000",38,1/6,동향,37.553821,126.909871,802
월세,500,"7,000",39,1/4,동향,37.550297,126.920972,7549
월세,250,"3,000",76,2/4,,37.562161,126.925222,1059
월세,450,"5,000",132,1/5,북동향,37.564166,126.91916,1314
월세,72,"1,000",13,1/3,남향,37.547256,126.943687,1979
월세,140,"2,000",51,2/4,남향,37.565659,126.923244,662
월세,930,"1억 2,000",187,1/6,서향,37.546821,126.914515,3589
월세,120,"2,000",18,1/4,북동향,37.564134,126.926598,1240
월세,340,"5,000",99,2/5,북동향,37.550149,126.920499,7825
월세,230,"3,000",45,1/1,남동향,37.566215,126.920623,2322
매매,0,60억,483,B1/15,남동향,37.549556,126.914817,3589
월세,60,"2,000",19,B1/14,동향,37.552552,126.937792,1983
월세,220,"5,000",272,2/6,남서향,37.569607,126.904771,1273
월세,240,"3,000",92,1/1,남향,37.547479,126.922603,5253
월세,150,"1,000",31,B1/2,남향,37.555558,126.924286,5192
월세,190,"2,000",47,2/4,서향,37.562115,126.925721,1059
월세,250,"3,000",47,1/20,남동향,37.564297,126.90375,1100
월세,80,"1,000",16,B1/5,북동향,37.562222,126.914251,853
월세,370,"3,000",56,1/5,남향,37.555456,126.907443,870
월세,200,"3,000",110,6/6,북향,37.552261,126.922125,870
월세,450,"5,000",109,1/3,남동향,37.54983,126.922318,940
월세,150,"2,000",55,4/5,북향,37.552099,126.920232,7549
월세,400,"7,500",145,3/5,서향,37.5516,126.923612,953
월세,180,"5,000",103,3/4,서향,37.557399,126.905912,1398
월세,500,"7,000",49,1/3,동향,37.555488,126.907726,870
월세,400,"5,000",136,B1/4,북향,37.550589,126.921976,940
월세,400,"5,000",73,2/3,남동향,37.5614,126.926362,1059
월세,320,"5,000",120,5/8,남동향,37.557714,126.922511,847
월세,460,"8,000",123,1/3,,37.555224,126.929166,834
월세,250,"5,000",65,1/3,남향,37.554955,126.932517,2033
월세,110,"1,000",40,1/3,남향,37.555104,126.93378,2032
월세,420,"6,000",198,2/3,,37.539706,126.944213,1756
월세,500,"6,000",91,B1/6,남서향,37.546049,126.915482,6583
월세,600,1억,222,2/7,동향,37.561283,126.926532,1059
월세,300,"4,000",48,1/3,북동향,37.562712,126.92281,1357
월세,160,"3,000",49,1/6,남서향,37.554387,126.933698,2032
월세,180,"1,000",49,1/5,남향,37.558902,126.911373,1349
월세,85,"1,000",22,4/4,남동향,37.560837,126.924652,1143
월세,160,"3,000",49,B1/3,,37.549419,126.923949,870
월세,"1,300","2억 5,000",165,전체층/1,북서향,37.553019,126.925255,7227
월세,145,"2,000",71,3/6,북향,37.548823,126.952921,2466
월세,350,"3,000",57,B1/4,남동향,37.559337,126.925601,6495
월세,180,"3,000",82,B1/4,북서향,37.548719,126.924442,870
월세,600,"7,000",148,1/4,동향,37.552854,126.922731,943
월세,160,"2,000",14,1/1,남서향,37.577102,126.895125,316
월세,200,"3,000",20,3/3,북동향,37.5617,126.926563,1059
월세,450,"5,000",92,5/5,서향,37.555345,126.927847,1471
월세,250,1억,247,B2/6,남서향,37.554471,126.931021,834
월세,380,"5,000",112,1/2,남향,37.54633,126.920124,7825
월세,"3,000",5억,820,2/5,북동향,37.549448,126.922396,940
월세,"5,100",6억,1058,3/7,남서향,37.556725,126.90997,835
월세,370,"2,700",79,1/1,서향,37.545197,126.953315,2489
월세,140,"2,000",90,B1/4,북동향,37.560859,126.923307,1088
월세,180,"3,000",75,2/5,북향,37.549368,126.940525,1902
월세,500,1억,170,1/6,남동향,37.543438,126.943413,2513
월세,"1,800",3억,121,1/4,,37.539879,126.943966,1756
월세,220,"3,000",106,B1/2,남서향,37.554147,126.904185,872
월세,750,2억,186,3/3,,37.557101,126.954641,969
월세,140,"1,000",56,1/5,,37.547548,126.958658,3270
월세,400,"5,000",99,1/6,남서향,37.547979,126.920867,7825
월세,700,1억,77,1/1,남동향,37.555702,126.926073,10072
월세,350,"5,000",98,1/2,서향,37.546869,126.932657,1897
월세,500,1억,82,1/6,동향,37.553491,126.925778,2284
월세,100,"2,000",49,2/3,북동향,37.549248,126.931235,2021
월세,"2,300",3억,813,B1/7,남향,37.555051,126.920691,2305
월세,150,"3,000",86,B1/5,남서향,37.54943,126.921056,934
월세,253,"3,000",84,1/5,북서향,37.560218,126.90364,1140
월세,300,"3,000",116,2/3,남동향,37.57874,126.894891,316
월세,180,"3,000",56,2/5,남서향,37.562637,126.925044,1059
월세,270,"2,000",132,B1/4,남향,37.557363,126.929521,7311
월세,140,"2,000",107,3/5,,37.544486,126.934383,4283
월세,185,"2,000",42,B1/2,북동향,37.561334,126.922149,3352
월세,220,"4,000",143,B1/5,북향,37.547508,126.923207,870
월세,210,"3,000",99,2/2,서향,37.547781,126.955392,3140
월세,200,"2,000",53,3/3,남향,37.554597,126.923169,6080
월세,250,"2,500",26,1/2,남향,37.54434,126.951791,2466
월세,270,"3,000",116,B1/7,남향,37.545693,126.916208,6503
월세,103,"3,000",87,2/12,남향,37.583415,126.885976,5108
월세,"1,000","1억 2,000",133,전체층/4,남서향,37.559367,126.925199,6495
월세,110,"1,000",111,B1/3,북향,37.555511,126.909307,875
월세,750,2억,83,1/4,북동향,37.553412,126.923354,5840
월세,400,"4,000",98,2/5,북동향,37.554373,126.906066,867
월세,75,500,48,B1/5,북서향,37.562633,126.920506,1982
월세,450,"6,000",160,1/3,동향,37.552827,126.922273,943
월세,80,800,16,B1/1,남향,37.549868,126.918447,9743
월세,150,"3,000",62,B1/5,북동향,37.561615,126.922195,3352
월세,160,"3,000",95,2/5,북동향,37.550197,126.910543,3589
월세,160,"3,000",92,3/5,남동향,37.562922,126.915943,1051
월세,350,"5,000",53,B1/4,남향,37.555567,126.928054,12424
월세,120,"1,000",150,B1/4,남동향,37.553387,126.917939,7109
매매,0,23억,44,1/5,북서향,37.541361,126.953849,7754
월세,200,"4,000",132,B1/6,,37.557019,126.908963,811
월세,80,"1,000",19,3/5,남향,37.556863,126.928599,2619
월세,150,"3,000",52,4/9,북향,37.55649,126.94504,669
월세,280,"3,000",53,B1/3,서향,37.562201,126.924683,1059
월세,260,"6,000",34,1/6,남동향,37.558022,126.922778,847
월세,240,"3,000",60,2/4,서향,37.549397,126.91958,7825
월세,270,"4,000",39,1/3,북향,37.547052,126.922569,5973
월세,170,"3,000",119,3/3,남동향,37.555132,126.905314,927
월세,150,"2,000",28,1/1,북서향,37.574954,126.897043,2357
월세,230,"4,000",23,1/1,남서향,37.546435,126.943165,1979
월세,280,"4,000",49,B1/4,북동향,37.562458,126.925371,1059
월세,77,500,9,1/1,서향,37.555558,126.946082,669
월세,200,"2,000",23,1/5,북동향,37.553807,126.92769,8742
월세,300,"3,000",76,2/3,남향,37.556063,126.930189,2619
월세,210,"3,000",101,2/2,북서향,37.548103,126.955191,3140
월세,200,"2,400",120,5/5,동향,37.552095,126.921839,917
월세,120,"2,000",37,B1/3,남동향,37.546367,126.920037,7825
월세,130,"2,000",33,1/6,남향,37.563019,126.916566,1410
월세,300,"5,000",31,1/5,동향,37.561299,126.924723,7147
월세,100,"1,000",39,1/5,남서향,37.562903,126.916194,1410
월세,170,"2,000",46,1/4,북향,37.556319,126.90067,1740
월세,700,1억,142,1/15,동향,37.565499,126.904332,1069
월세,155,"2,000",33,1/4,동향,37.555383,126.92658,7503
월세,170,"2,000",61,B1/3,서향,37.565471,126.923667,1048
월세,240,"3,000",36,2/4,남향,37.561743,126.925266,1439
월세,175,"3,000",50,1/6,남서향,37.5536,126.917521,7109
월세,200,"5,000",92,3/3,서향,37.555743,126.926895,666
월세,80,"1,000",25,1/3,남동향,37.547469,126.959208,4202
월세,135,"2,000",35,1/6,동향,37.553909,126.909825,802
월세,140,"2,000",97,B1/4,북서향,37.556698,126.913715,806
월세,250,"3,000",56,1/3,서향,37.54976,126.917694,8571
월세,450,"5,000",122,2/2,남동향,37.553689,126.921444,943
월세,430,"8,000",96,1/7,남향,37.555213,126.916205,806
월세,300,"3,000",45,1/5,,37.561654,126.92627,1059
월세,109,"2,000",43,1/4,북서향,37.558065,126.917243,850
월세,250,"5,000",97,4/5,,37.555878,126.909628,867
월세,300,"5,000",34,1/5,남향,37.555737,126.90933,867
월세,300,"6,000",54,1/4,남서향,37.54648,126.943263,1979
월세,100,"1,000",33,1/2,남서향,37.549235,126.909225,3589
월세,150,"2,000",36,B1/4,남서향,37.565098,126.922686,909
월세,375,"3,000",63,1/5,남서향,37.562843,126.924662,1010
월세,400,"5,000",96,1/5,남서향,37.557739,126.927088,6495
월세,250,"4,000",99,4/8,남서향,37.551192,126.92027,7549
월세,100,"1,000",95,B1/4,남서향,37.567044,126.909328,974
월세,450,"5,000",132,1/6,남서향,37.547516,126.937353,4462
월세,120,"1,500",149,B1/3,남향,37.544589,126.936279,6093
월세,180,"1,000",112,B1/5,남서향,37.565361,126.920522,2322
월세,185,"2,000",161,3/4,남향,37.545548,126.933366,5164
월세,250,"3,000",69,2/5,남서향,37.549833,126.910373,3589
월세,300,"5,000",33,1/1,서향,37.554431,126.949496,2027
월세,105,"1,000",34,1/1,북동향,37.552752,126.935928,2233
월세,400,"7,000",79,1/5,남서향,37.557896,126.90879,1284
월세,250,"3,000",129,2/4,서향,37.551468,126.924083,5652
월세,270,"3,500",143,1/2,남동향,37.561897,126.918115,473
월세,70,"1,000",26,2/2,남서향,37.575315,126.893319,2037
월세,170,"2,000",56,B1/2,북향,37.560927,126.924949,1143
월세,230,"3,000",39,1/5,남서향,37.554627,126.926706,1471
월세,35,500,21,1/1,남동향,37.556594,126.952204,1487
월세,350,"8,000",221,B1/7,북동향,37.575815,126.897595,2357
월세,280,"3,000",53,1/2,북서향,37.541726,126.950777,4384
월세,100,"1,500",90,B1/4,,37.557015,126.953506,910
월세,150,"2,000",33,1/3,남동향,37.546204,126.922448,5973
월세,160,"3,000",24,1/2,남서향,37.581767,126.881497,4212
월세,280,"3,000",50,1/2,북서향,37.566389,126.920419,2322
월세,"1,683",2억,892,B1/13,서향,37.581627,126.887064,5108
월세,140,"2,000",21,1/6,남서향,37.56731,126.910138,1037
월세,120,"2,000",40,B1/3,남동향,37.554659,126.907468,910
월세,160,"2,000",23,1/3,북동향,37.554619,126.929167,1471
월세,300,"3,000",125,3/5,북동향,37.554295,126.926797,8287
월세,290,"4,000",64,2/4,남서향,37.564674,126.922729,1010
월세,70,"2,000",23,3/3,남향,37.566235,126.916872,1097
매매,0,"8억 7,000",64,1/7,북서향,37.558195,126.910125,1284
월세,300,"4,000",76,1/2,동향,37.549257,126.924093,870
월세,335,"8,000",57,1/1,북서향,37.551179,126.937355,2778
월세,900,"1억 3,000",455,4/6,북동향,37.557505,126.923306,847
월세,150,"2,000",116,B1/5,북향,37.557644,126.908344,1284
월세,800,"1억 3,000",288,3/5,남서향,37.539377,126.943765,1756
월세,170,"5,000",33,1/5,북향,37.553107,126.926073,7227
월세,110,"1,000",16,1/4,남서향,37.554273,126.927662,1471
월세,80,"1,000",21,1/3,북향,37.567695,126.912772,974
월세,120,"2,000",33,1/3,북서향,37.54676,126.928471,3435
월세,90,"2,000",33,1/5,남서향,37.558617,126.916756,742
월세,320,"5,000",95,3/5,북서향,37.556575,126.924929,5756
월세,450,"9,000",263,3/3,남향,37.558244,126.907008,1158
월세,440,"7,000",39,1/14,서향,37.541773,126.950244,1935
월세,230,"4,000",52,1/5,남향,37.555605,126.933632,2032
월세,140,"1,500",39,1/6,동향,37.554716,126.923855,5192
월세,220,"2,000",138,B1/4,북동향,37.560184,126.90604,1763
월세,800,"5,000",88,8/8,남동향,37.577276,126.89505,316
월세,630,1억,178,1/4,서향,37.551756,126.922868,870
월세,200,"3,000",53,1/3,동향,37.55686,126.926223,6495
월세,180,"2,000",99,3/4,북서향,37.558894,126.913244,1158
월세,170,"3,000",56,2/3,북서향,37.555203,126.907875,910
월세,150,"3,000",33,1/3,동향,37.546465,126.941791,1936
월세,380,"3,000",103,1/2,동향,37.560936,126.926537,1059
월세,170,"2,000",49,2/2,남향,37.556909,126.926822,6495
월세,140,"2,000",86,B1/6,서향,37.556777,126.913875,806
매매,0,"4억 7,000",20,1/5,남동향,37.565921,126.917299,1611
월세,400,"5,000",174,2/4,동향,37.549804,126.921782,934
월세,150,"1,000",16,B1/6,서향,37.546772,126.954284,2489
월세,70,"1,000",29,2/18,남동향,37.546233,126.952174,2836
월세,80,"1,000",13,1/4,북향,37.550491,126.91957,9743
월세,"2,500",3억,109,1/4,남서향,37.552905,126.924859,6057
월세,"1,500",5억,162,1/4,남서향,37.550859,126.923522,953
월세,830,1억,41,2/20,북향,37.557055,126.954829,969
월세,150,"2,000",72,4/4,동향,37.552838,126.923988,2305
월세,195,"3,300",66,1/5,남서향,37.568289,126.905709,2947
월세,220,"2,500",85,1/6,동향,37.560442,126.906739,910
월세,160,"3,000",46,1/7,북동향,37.553862,126.929201,1471
월세,70,"1,000",33,1/3,북동향,37.55007,126.908259,3589
월세,170,"3,000",23,1/3,남향,37.555516,126.907835,870
월세,300,"5,000",92,2/5,남동향,37.55556,126.92296,2283
월세,95,"1,000",26,2/2,남동향,37.555726,126.907916,870
월세,115,"1,000",33,1/1,남동향,37.553418,126.905966,774
월세,140,"2,000",27,1/5,북향,37.554405,126.92667,8287
월세,80,"1,000",25,1/4,북향,37.548684,126.924548,870
월세,140,900,33,B1/20,동향,37.540858,126.946913,2428
월세,80,"2,000",57,3/5,남향,37.547752,126.93119,2021
월세,180,"2,000",50,B1/1,동향,37.549042,126.91735,8571
월세,300,"8,000",56,1/9,남동향,37.559438,126.923326,1735
월세,250,"3,000",40,1/3,동향,37.55002,126.918268,9743
월세,250,"3,000",66,1/7,남동향,37.556261,126.932465,1770
월세,400,"3,000",111,B1/7,남동향,37.555798,126.919203,873
매매,0,"4억 3,000",23,1/4,남서향,37.562091,126.922368,1088
월세,200,"3,000",64,1/2,북동향,37.558206,126.961181,1343
월세,"5,000",5억,647,3/11,남동향,37.556495,126.922559,847
월세,200,"3,000",30,1/1,남서향,37.547384,126.943504,1979
월세,500,"8,000",110,1/5,남동향,37.559845,126.920683,1050
월세,200,"3,000",10,1/2,북향,37.552798,126.921659,943
월세,567,"5,670",146,14/15,남동향,37.5572,126.923526,847
월세,500,"7,000",101,3/4,북서향,37.551537,126.921079,934
월세,180,"2,000",84,6/6,북서향,37.549503,126.919658,7825
월세,150,"2,000",43,1/4,,37.545914,126.941342,3253
월세,50,500,15,1/2,동향,37.565427,126.917214,1097
월세,130,"3,000",62,1/4,동향,37.55461,126.916638,7549
월세,360,"5,000",253,B1/5,북동향,37.549912,126.918837,9743
월세,300,"3,000",19,B1/3,동향,37.562396,126.92563,970
월세,170,"2,000",69,1/3,서향,37.578442,126.895821,316
월세,300,"5,000",57,1/1,남향,37.576372,126.895794,5185
월세,190,"2,000",70,2/5,동향,37.557131,126.921249,1647
월세,270,"5,000",42,1/3,남동향,37.559689,126.921469,1050
월세,300,"3,000",115,4/5,남동향,37.563392,126.925273,1382
월세,250,"5,000",23,1/5,북동향,37.555544,126.924617,15320
월세,180,"3,000",71,1/4,남서향,37.563768,126.918983,1314
월세,120,"2,000",64,4/15,,37.553441,126.937494,3322
월세,180,"2,500",42,B1/4,,37.562836,126.925819,1382
월세,550,1억,113,2/5,서향,37.556643,126.925196,5756
월세,88,"1,500",19,1/2,동향,37.561205,126.922549,3352
월세,300,"3,000",57,1/3,남서향,37.561824,126.926045,1059
월세,180,"2,000",50,1/4,남향,37.553748,126.929887,2155
월세,100,"5,000",25,1/3,서향,37.537784,126.951798,19164
월세,160,"2,000",81,2/4,남향,37.549216,126.910288,3589
월세,200,"3,000",59,2/8,남동향,37.555063,126.933331,2032
월세,250,"3,000",49,1/7,북동향,37.554863,126.934401,1691
월세,260,1억,299,B2/9,북향,37.552331,126.916981,21404
월세,170,"3,000",33,B1/2,북동향,37.561925,126.925291,1439
월세,200,"3,000",77,B1/4,북동향,37.548281,126.921493,934
월세,180,"3,000",70,1/3,서향,37.561551,126.904387,1140
월세,350,"5,000",129,2/5,북동향,37.549706,126.922758,940
월세,60,500,8,1/2,북동향,37.560263,126.905784,1763
월세,600,1억,113,1/4,남향,37.551445,126.920247,7549
월세,270,"2,000",63,1/1,남향,37.547553,126.92156,5253
월세,450,"4,000",47,1/5,서향,37.553336,126.920398,9360
월세,150,"1,500",90,3/4,북향,37.547714,126.919229,9743
월세,400,"5,000",178,2/6,남향,37.547287,126.954459,2280
월세,200,"2,000",100,2/4,남서향,37.549473,126.918152,5890
월세,190,"1,500",37,B1/3,북향,37.560946,126.924556,1143
월세,470,"5,000",186,1/6,,37.548033,126.920954,7825
월세,"1,400",2억,721,2/3,북향,37.544823,126.931925,3217
월세,200,"3,000",90,3/5,동향,37.548642,126.920231,7825
월세,189,"1,500",34,1/5,남향,37.542304,126.940487,1974
월세,120,"3,000",43,1/5,북향,37.568911,126.912849,1794
월세,150,"2,000",43,B1/2,남향,37.549145,126.917595,8571
월세,198,"3,000",49,1/2,서향,37.557416,126.908358,673
월세,175,"2,000",75,4/4,북향,37.555639,126.924363,5192
월세,225,"4,000",82,1/5,남동향,37.553186,126.920239,9360
월세,300,"3,000",69,1/5,남향,37.556559,126.929262,2619
월세,200,"2,000",49,1/4,북동향,37.553251,126.903894,927
월세,330,"5,000",143,2/6,남향,37.54828,126.917701,8571
월세,70,"1,000",30,2/6,,37.546299,126.935848,4200
월세,400,"5,000",173,4/4,북서향,37.553944,126.920366,2305
월세,95,"1,000",26,B1/3,서향,37.555618,126.928571,3089
월세,330,"9,000",73,B1/3,남동향,37.554934,126.923489,5192
월세,70,"1,500",25,2/2,남향,37.585428,126.882157,1505
월세,85,"1,000",33,1/6,남동향,37.569526,126.911275,1794
매매,0,"21억 8,257",122,2/16,북서향,37.553575,126.919922,9360
월세,150,"2,000",33,1/2,동향,37.548369,126.929448,1574
월세,150,"1,500",26,1/3,북동향,37.559123,126.904813,1035
월세,210,"2,000",50,1/6,서향,37.563267,126.926217,1095
월세,80,"1,000",117,B1/2,남향,37.563231,126.917068,534
월세,700,"6,000",39,1/1,서향,37.541583,126.950958,4384
월세,250,"3,000",110,2/4,동향,37.553795,126.905598,774
매매,0,"49억 5,000",82,1/1,북서향,37.558143,126.924353,1735
월세,160,"2,000",23,4/4,북동향,37.562873,126.92542,958
월세,290,"5,000",59,3/4,남동향,37.55547,126.924547,15320
월세,180,"3,000",42,1/2,남향,37.545918,126.920979,7825
월세,190,"3,500",78,B1/4,북향,37.549812,126.920767,7825
월세,120,"1,500",36,1/4,남동향,37.567945,126.910822,1069
월세,160,"2,000",46,1/2,동향,37.538705,126.946208,1802
월세,310,"3,000",148,3/6,북서향,37.5573,126.922759,847
월세,480,"3,000",34,1/4,북향,37.555399,126.908393,875
월세,100,"1,000",33,1/4,남향,37.575999,126.896423,316
월세,270,"6,000",90,1/2,남서향,37.548677,126.921288,934
월세,710,1억,299,B1/8,남향,37.553109,126.936972,1904
월세,850,"1억 5,000",132,1/6,북서향,37.549147,126.919457,9743
월세,40,"1,000",9,1/2,동향,37.548226,126.945348,4809
월세,90,"1,000",16,1/3,남서향,37.544167,126.936582,4431
월세,300,"7,000",53,1/3,남동향,37.546734,126.954501,2489
월세,"1,000","2,000",108,B1/5,북서향,37.569295,126.904346,1160
월세,520,"8,000",168,3/5,남동향,37.539803,126.947847,4364
월세,400,"4,000",163,4/4,북서향,37.563286,126.925673,1382
월세,145,"3,000",119,B1/2,동향,37.556249,126.927726,6495
월세,250,"5,000",125,1/5,남서향,37.55505,126.932505,2033
월세,"1,000","1억 5,000",242,B1/4,남향,37.55252,126.921803,943
월세,200,,6,1/2,북동향,37.553476,126.921942,943
월세,180,"3,000",31,1/5,남동향,37.559388,126.926284,6595
월세,150,"1,000",26,1/4,동향,37.552837,126.921484,917
월세,240,"3,000",62,2/3,북동향,37.555613,126.925617,7753
월세,350,"6,000",49,1/2,동향,37.53636,126.947065,1932
월세,100,"1,000",34,B1/5,북향,37.555552,126.929445,834
월세,270,"5,000",25,1/2,동향,37.552747,126.923965,2305
매매,0,"33억 9,000",958,B1/18,북동향,37.544453,126.94487,2513
월세,70,"1,000",23,1/2,남향,37.557717,126.903663,1035
월세,95,"2,000",121,B1/4,남향,37.555414,126.932512,2033
월세,230,"3,000",66,2/6,북서향,37.552074,126.93336,834
월세,800,2억,181,1/2,남향,37.558497,126.923741,1735
월세,200,"2,000",63,3/4,남동향,37.556816,126.908227,806
월세,475,"1,000",178,5/6,동향,37.549573,126.920652,7825
월세,200,"3,000",66,1/7,북동향,37.554284,126.930501,834
월세,"1,600","1억 5,000",92,1/3,남향,37.550565,126.921421,940
월세,270,"5,000",36,1/21,남동향,37.542397,126.94898,2269
월세,280,"3,000",49,1/4,남동향,37.546269,126.922538,5973
월세,220,"3,000",112,B1/3,서향,37.551922,126.921847,917
월세,440,"6,000",91,1/4,서향,37.549619,126.919746,7825
월세,170,"1,500",57,5/5,동향,37.551452,126.923814,953
월세,220,"3,000",104,2/4,동향,37.547923,126.914505,3589
월세,500,3억,115,1/2,남동향,37.552023,126.91483,4502
월세,150,"3,000",143,B1/4,북동향,37.541279,126.952647,2883
월세,135,"1,500",45,B1/3,동향,37.556487,126.927342,8274
월세,200,"2,000",44,1/2,남동향,37.556878,126.926987,6495
월세,450,"5,000",59,1/3,남서향,37.561243,126.926023,1059
월세,200,"5,000",23,1/2,북향,37.547531,126.925015,5361
월세,70,"1,000",26,1/2,남서향,37.565562,126.917361,1611
월세,"2,000",2억,488,14/17,북서향,37.556406,126.923884,6945
월세,300,"3,000",45,1/1,북서향,37.576797,126.8966,316
월세,350,"7,000",130,4/4,북동향,37.541676,126.944931,2038
월세,280,"4,000",62,1/4,남향,37.577614,126.896038,316
월세,230,"2,000",131,3/5,북서향,37.549257,126.915489,3589
월세,"2,300",3억,577,1/5,남동향,37.563736,126.925642,1032
월세,100,"1,000",36,1/2,남동향,37.5558,126.926517,10072
월세,"1,200","1억 5,000",438,3/5,서향,37.554132,126.921569,943
월세,150,"4,000",41,1/5,북동향,37.567924,126.907956,1095
월세,150,"3,000",41,1/1,남향,37.545853,126.922408,1030
월세,210,"3,000",72,2/5,북향,37.546344,126.917332,5890
월세,160,"3,000",26,B1/3,북동향,37.555184,126.926934,7503
월세,450,1억,112,2/4,남서향,37.55145,126.961576,1814
월세,100,"1,000",33,B1/2,동향,37.55292,126.923342,5840
월세,100,"1,500",50,3/5,남서향,37.549659,126.915612,3589
월세,75,"1,000",26,1/3,동향,37.555904,126.946424,669
월세,250,"3,000",64,1/4,남서향,37.563516,126.92487,662
월세,200,"2,500",165,B1/4,북서향,37.545067,126.931772,1897
월세,40,500,14,B1/6,남동향,37.553525,126.921676,943
월세,205,"3,000",88,3/3,남향,37.552979,126.937867,2644
월세,150,"3,000",31,1/8,동향,37.556685,126.954666,969
월세,"1,639","1억 6,386",386,1/17,북서향,37.538392,126.945031,1618
월세,250,"5,000",95,3/6,북서향,37.553698,126.925773,2284
매매,0,"3억 2,000",26,1/5,남향,37.56538,126.918039,1602
월세,250,"3,000",247,3/4,동향,37.568418,126.906555,1181
월세,180,"4,000",40,1/5,남서향,37.553113,126.925414,7227
월세,500,"1억 5,000",105,9/9,남동향,37.555857,126.922846,2283
월세,70,"1,000",33,B1/2,남향,37.55472,126.906921,910
월세,300,"3,000",68,3/3,남서향,37.562763,126.925724,1382
월세,100,"1,000",19,B1/1,북동향,37.564777,126.923147,1010
월세,500,"1억 5,000",319,5/6,,37.551551,126.961792,1814
월세,300,"5,000",115,B1/3,동향,37.553532,126.922547,2305
월세,300,"3,000",92,B1/18,동향,37.579216,126.892326,5108
월세,900,"1억 5,000",102,1/6,남향,37.549946,126.921243,934
월세,60,"1,000",16,1/4,남동향,37.541536,126.939477,1974
월세,150,"2,000",165,B1/4,남향,37.541936,126.94031,1974
월세,150,"1,000",39,1/3,서향,37.546724,126.932819,3217
월세,"1,000",2억,145,1/2,남향,37.549633,126.931798,703
매매,0,30억,760,B1/15,북향,37.547373,126.924807,5361
월세,230,"5,000",39,1/1,서향,37.553549,126.946478,2542
월세,190,"4,000",26,1/1,서향,37.553734,126.946537,2542
월세,150,"2,000",85,1/5,남동향,37.548294,126.958822,3106
매매,0,"8억 7,000",53,1/1,남서향,37.554261,126.947162,2027
월세,265,"5,000",180,2/4,동향,37.558366,126.917692,850
월세,50,"1,500",73,B1/3,남서향,37.555927,126.954796,969
월세,400,"5,000",76,1/3,서향,37.554279,126.946952,2495
월세,510,"5,000",119,1/5,북서향,37.552491,126.913816,3589
월세,190,"3,000",42,1/2,남서향,37.541873,126.951962,2883
월세,180,"2,000",80,1/5,서향,37.555477,126.91309,867
매매,0,64억,505,1/14,남향,37.553712,126.954696,1978
월세,140,"2,000",45,1/3,북향,37.541508,126.95532,7980
월세,200,"2,000",39,B1/2,남동향,37.554436,126.927052,1471
월세,100,"1,000",39,1/1,동향,37.555842,126.955086,969
