,Unnamed: 0,tradeTypeName,rentPrc,dealOrWarrantPrc,area2,floorInfo,direction,latitude,longitude,flow_pop,bus_N,parking_N,bicycle_N,subway_N,kor_N,jap_N,west_N,ch_N,bake_N,cafe_N
0,0,월세,220,"3,000",14.8,1/3,서향,37.566555,126.917098,892,18,0,4,1,1,3,8,3,6,50
1,1,월세,160,"2,000",16.9,4/4,남향,37.562873,126.92542,1338,13,1,2,0,29,74,98,32,41,251
2,2,월세,100,"1,000",7.6,B1/1,북동향,37.564777,126.923147,910,18,1,3,0,21,63,75,24,32,272
3,3,월세,160,"2,500",8.5,3/3,남향,37.562103,126.926197,1140,12,1,3,0,31,75,98,35,40,231
4,4,월세,190,"3,500",13.9,1/5,남향,37.561109,126.920106,919,30,1,6,0,35,44,59,26,37,158
5,5,월세,120,"2,000",7.9,1/4,북서향,37.562053,126.921427,1052,23,1,3,0,35,78,103,40,47,284
6,6,월세,180,"3,000",10.0,3/4,서향,37.562183,126.924832,1203,17,1,3,0,33,79,100,36,44,257
7,7,월세,180,"3,000",8.8,2/4,서향,37.562183,126.924832,1203,17,1,3,0,33,79,100,36,44,257
8,8,월세,90,"1,000",7.0,B1/4,남향,37.56554,126.923336,907,16,0,3,0,16,47,55,20,25,229
9,9,월세,350,"5,000",29.6,2/4,남향,37.56554,126.923336,907,16,0,3,0,16,47,55,20,25,229
10,10,월세,200,"3,000",17.2,3/4,동향,37.565734,126.922985,847,16,0,3,0,15,37,46,18,20,210
11,11,월세,300,"4,000",17.2,1/4,동향,37.565734,126.922985,847,16,0,3,0,15,37,46,18,20,210
12,12,매매,,"4억 3,000",7.0,1/4,남서향,37.562091,126.922368,1683,19,1,4,0,35,80,101,39,46,285
13,13,월세,80,"1,000",24.8,B1/3,서향,37.566555,126.917098,892,18,0,4,1,1,3,8,3,6,50
14,14,월세,150,"3,000",12.1,B1/5,동향,37.561615,126.922195,1155,21,1,5,0,36,82,101,40,47,278
15,15,월세,150,"3,000",12.1,B1/5,동향,37.561615,126.922195,1155,21,1,5,0,36,82,101,40,47,278
16,16,월세,210,"3,000",10.3,1/3,북서향,37.561856,126.926786,1019,12,1,2,0,29,71,96,32,37,206
17,17,월세,230,"2,700",14.8,3/3,북서향,37.56162,126.925672,1176,16,1,4,1,32,78,100,38,44,237
18,18,월세,200,"3,000",14.8,3/3,남향,37.5617,126.926563,1859,12,1,2,0,29,71,96,35,38,208
19,19,월세,220,"3,000",17.8,1/3,서향,37.566555,126.917098,892,18,0,4,1,1,3,8,3,6,50
20,20,월세,120,"2,000",7.9,1/3,서향,37.566555,126.917098,892,18,0,4,1,1,3,8,3,6,50
21,21,월세,200,"3,000",25.4,2/3,서향,37.566555,126.917098,892,18,0,4,1,1,3,8,3,6,50
22,22,월세,200,"3,000",10.3,3/3,서향,37.566555,126.917098,892,18,0,4,1,1,3,8,3,6,50
23,23,월세,380,"4,500",14.8,B1/3,남서향,37.56162,126.925672,1176,16,1,4,1,32,78,100,38,44,237
24,24,월세,490,"5,800",12.7,B1/3,남서향,37.56162,126.925672,1176,16,1,4,1,32,78,100,38,44,237
25,25,월세,230,"2,700",14.8,3/3,남서향,37.56162,126.925672,1176,16,1,4,1,32,78,100,38,44,237
26,26,매매,,"4억 3,000",7.0,1/4,남서향,37.562091,126.922368,1683,19,1,4,0,35,80,101,39,46,285
27,27,월세,110,"2,000",7.0,1/4,남서향,37.562091,126.922368,1683,19,1,4,0,35,80,101,39,46,285
28,28,월세,220,"3,000",18.1,1/3,남서향,37.566555,126.917098,892,18,0,4,1,1,3,8,3,6,50
29,29,월세,240,"3,100",15.7,2/3,남서향,37.56162,126.925672,1176,16,1,4,1,32,78,100,38,44,237
30,30,월세,300,"3,600",10.9,1/3,남서향,37.56162,126.925672,1176,16,1,4,1,32,78,100,38,44,237
31,31,월세,200,"3,000",15.4,3/4,북서향,37.565734,126.922985,847,16,0,3,0,15,37,46,18,20,210
32,32,월세,200,"3,000",15.1,2/4,북서향,37.565734,126.922985,847,16,0,3,0,15,37,46,18,20,210
33,33,월세,300,"4,000",15.1,1/4,북서향,37.565734,126.922985,847,16,0,3,0,15,37,46,18,20,210
34,34,월세,280,"3,000",15.1,B1/4,북서향,37.565734,126.922985,847,16,0,3,0,15,37,46,18,20,210
35,35,월세,240,"3,000",11.2,B1/3,북서향,37.561856,126.926786,1019,12,1,2,0,29,71,96,32,37,206
36,36,월세,150,"2,000",6.4,4/4,남향,37.561169,126.926094,1465,15,1,4,1,35,73,94,38,43,209
37,37,월세,220,"3,000",13.6,1/3,동향,37.566555,126.917098,892,18,0,4,1,1,3,8,3,6,50
38,38,월세,190,"1,500",11.2,B1/3,북향,37.560946,126.924556,1600,21,1,5,1,39,79,101,43,46,237
39,39,월세,140,"1,500",10.3,2/3,남향,37.561976,126.926352,1378,12,1,3,0,30,73,98,35,40,228
40,40,월세,350,"3,000",18.5,B1/3,남서향,37.562278,126.925378,1153,12,1,3,0,32,78,100,36,44,250
41,41,월세,170,"4,000",15.1,2/2,남동향,37.559379,126.918473,1225,33,1,5,0,24,24,17,23,21,57
42,42,월세,350,"3,000",18.5,B1/3,남향,37.562278,126.925378,1153,12,1,3,0,32,78,100,36,44,250
43,43,월세,120,"2,000",6.0,1/5,,37.563944,126.92455,943,15,1,3,0,28,71,90,29,37,266
44,44,월세,190,"2,000",17.2,2/4,북서향,37.562115,126.925721,1159,13,1,3,0,32,77,101,36,43,244
45,45,월세,125,"2,500",9.1,1/3,남향,37.565398,126.917105,870,27,0,5,1,4,5,10,2,12,71
46,46,월세,130,"2,000",13.9,4/4,북동향,37.562257,126.925545,1153,12,1,3,0,32,77,100,35,43,248
47,47,월세,140,"3,000",15.4,1/2,남서향,37.565271,126.924641,910,15,1,3,0,19,55,71,23,27,248
48,48,월세,120,"2,000",11.8,1/4,북동향,37.562053,126.921427,1052,23,1,3,0,35,78,103,40,47,284
49,49,월세,130,"2,000",5.7,1/5,북동향,37.560631,126.920559,953,33,1,7,0,37,56,68,33,37,155
50,50,월세,310,"3,000",20.0,1/3,남향,37.56207,126.925007,1140,15,1,3,0,33,79,101,36,44,251
51,51,월세,150,"1,500",10.0,1/3,남서향,37.561264,126.920281,902,29,1,5,0,34,50,66,27,36,179
52,52,월세,300,"4,500",33.0,2/4,서향,37.564227,126.922549,975,18,1,3,0,24,65,82,26,34,283
53,53,월세,140,"2,000",7.9,B1/2,북향,37.563097,126.925815,1344,12,1,2,0,27,71,96,31,39,243
54,54,월세,210,"2,500",14.8,2/2,동향,37.566297,126.920844,906,15,0,3,0,2,11,17,2,15,135
55,55,월세,260,"3,000",20.0,2/4,북동향,37.562836,126.925819,1344,12,1,2,0,27,71,98,31,39,245
56,56,월세,400,"5,000",19.4,2/2,동향,37.562159,126.926715,1420,11,1,3,0,28,72,96,33,35,217
57,57,월세,380,"4,500",13.0,B1/3,남서향,37.56162,126.925672,1176,16,1,4,1,32,78,100,38,44,237
58,58,월세,170,"2,000",10.6,B1/3,북동향,37.562528,126.924938,1161,15,1,3,0,33,78,100,36,43,258
59,59,월세,150,"2,000",6.4,4/4,남동향,37.561169,126.926094,1465,15,1,4,1,35,73,94,38,43,209
60,60,월세,200,"2,400",8.5,3/4,남동향,37.561169,126.926094,1465,15,1,4,1,35,73,94,38,43,209
61,61,월세,270,"3,240",8.2,2/4,남동향,37.561169,126.926094,1465,15,1,4,1,35,73,94,38,43,209
62,62,월세,280,"3,000",22.1,1/4,서향,37.563725,126.92614,1399,12,1,2,0,24,68,84,28,34,237
63,63,월세,350,"5,000",22.7,1/3,서향,37.561711,126.924139,1797,20,1,4,0,34,79,103,39,44,260
64,64,월세,350,"5,000",22.7,1/3,남동향,37.561711,126.924139,1797,20,1,4,0,34,79,103,39,44,260
65,65,월세,150,"1,000",8.2,1/3,동향,37.561264,126.920281,902,29,1,5,0,34,50,66,27,36,179
66,66,월세,570,"6,840",23.3,2/4,남동향,37.561169,126.926094,1465,15,1,4,1,35,73,94,38,43,209
67,67,월세,250,"4,000",16.6,B1/3,동향,37.562159,126.926715,1420,11,1,3,0,28,72,96,33,35,217
68,68,월세,210,"3,000",9.1,B1/2,남서향,37.561905,126.924974,1140,17,1,3,0,33,78,101,37,44,249
69,69,월세,210,"2,000",15.1,1/6,서향,37.563267,126.926217,1444,12,1,2,0,27,69,90,31,34,240
70,70,월세,170,"2,000",16.0,B1/2,북향,37.560927,126.924949,1600,18,1,5,1,37,76,99,43,46,224
71,71,월세,350,"3,000",49.3,4/4,서향,37.563286,126.925673,1550,13,1,2,0,27,71,93,31,38,243
72,72,월세,180,"1,500",14.8,1/2,남향,37.561586,126.91812,2303,29,0,5,0,8,14,11,10,19,83
73,73,월세,350,"5,000",22.7,1/3,동향,37.561711,126.924139,1797,20,1,4,0,34,79,103,39,44,260
74,74,월세,360,"5,000",23.6,B1/4,북향,37.560691,126.924788,1448,20,2,5,1,41,75,95,47,46,219
75,75,월세,230,"3,000",16.9,2/4,서향,37.561559,126.925483,1285,17,1,4,1,32,79,100,38,45,239
76,76,월세,230,"3,000",11.2,1/3,북서향,37.561856,126.926786,1019,12,1,2,0,29,71,96,32,37,206
77,77,월세,160,"2,000",7.0,4/4,북동향,37.562873,126.92542,1338,13,1,2,0,29,74,98,32,41,251
78,78,월세,250,"3,000",16.6,1/4,북동향,37.562922,126.925313,1319,14,1,2,0,30,74,98,32,42,253
79,79,월세,350,"4,000",24.2,2/3,남동향,37.562925,126.926168,1305,12,1,2,0,27,70,96,31,39,240
80,80,월세,200,"2,500",17.8,2/4,북동향,37.562922,126.925313,1319,14,1,2,0,30,74,98,32,42,253
81,81,월세,243,"3,000",16.0,4/4,북향,37.560691,126.924788,1448,20,2,5,1,41,75,95,47,46,219
82,82,월세,330,"5,000",21.5,1/3,남향,37.561069,126.924555,1509,20,1,5,1,36,78,102,43,45,240
83,83,월세,280,"4,000",20.6,B1/3,북향,37.560935,126.924803,1600,20,1,5,1,37,76,100,43,47,230
84,84,월세,235,"3,000",16.3,1/2,남향,37.561053,126.924933,1509,19,1,5,1,37,78,101,42,45,235
85,85,월세,"1,000",1억,104.1,B1/4,남서향,37.558704,126.918276,1710,42,2,4,0,21,24,19,23,18,45
86,86,월세,800,1억,105.9,4/4,남서향,37.558704,126.918276,1710,42,2,4,0,21,24,19,23,18,45
87,87,월세,260,"3,100",14.5,2/3,남서향,37.56162,126.925672,1176,16,1,4,1,32,78,100,38,44,237
88,88,월세,480,"5,700",14.8,1/3,남서향,37.56162,126.925672,1176,16,1,4,1,32,78,100,38,44,237
89,89,월세,330,"3,900",10.0,1/3,남서향,37.56162,126.925672,1176,16,1,4,1,32,78,100,38,44,237
90,90,월세,810,"9,600",24.5,1/3,남서향,37.56162,126.925672,1176,16,1,4,1,32,78,100,38,44,237
91,91,월세,480,"5,700",14.8,B1/3,남서향,37.56162,126.925672,1176,16,1,4,1,32,78,100,38,44,237
92,92,월세,420,"5,000",13.0,B1/3,남서향,37.56162,126.925672,1176,16,1,4,1,32,78,100,38,44,237
93,93,월세,450,"5,000",28.4,1/5,남동향,37.55927,126.921056,1876,38,3,8,1,43,55,71,46,37,112
94,94,월세,109,"1,000",10.9,1/3,남서향,37.561578,126.919992,913,30,1,5,0,32,39,54,23,32,174
95,95,월세,180,"1,500",14.8,1/2,남동향,37.561586,126.91812,2303,29,0,5,0,8,14,11,10,19,83
96,96,월세,160,"2,500",10.0,B1/2,남향,37.562117,126.926043,1140,14,1,3,0,31,76,98,35,40,233
97,97,월세,240,"4,000",14.8,B1/4,남향,37.562458,126.925371,1153,13,1,3,0,32,78,100,35,43,254
98,98,월세,190,"2,000",16.9,1/2,남향,37.562124,126.918253,843,29,0,3,0,8,13,12,8,20,108
99,99,월세,180,"3,000",10.0,3/3,북동향,37.560579,126.923681,1416,21,2,5,1,45,79,99,51,46,228
100,100,월세,300,"5,000",9.4,1/5,남향,37.561299,126.924723,1514,20,1,5,1,34,78,102,41,44,242
101,101,월세,460,"5,800",15.4,B1/3,남서향,37.56162,126.925672,1176,16,1,4,1,32,78,100,38,44,237
102,102,월세,350,"3,000",23.0,3/4,북향,37.562161,126.925222,1156,14,1,3,0,33,79,100,36,44,249
103,103,월세,250,"3,000",23.0,2/4,북향,37.562161,126.925222,1156,14,1,3,0,33,79,100,36,44,249
104,104,월세,900,1억 700,24.5,B1/3,남서향,37.56162,126.925672,1176,16,1,4,1,32,78,100,38,44,237
105,105,월세,230,"3,000",13.6,1/1,남동향,37.566215,126.920623,902,17,0,3,0,2,11,16,2,15,135
106,106,월세,400,"5,000",52.9,1/4,서향,37.565089,126.923774,902,17,1,3,0,19,58,71,24,29,258
107,107,월세,200,"3,000",10.3,3/3,동향,37.566555,126.917098,892,18,0,4,1,1,3,8,3,6,50
108,108,월세,120,"2,000",6.4,1/3,동향,37.566555,126.917098,892,18,0,4,1,1,3,8,3,6,50
109,109,월세,200,"3,000",22.1,2/3,동향,37.566555,126.917098,892,18,0,4,1,1,3,8,3,6,50
110,110,월세,340,"5,000",55.1,B1/5,남향,37.564448,126.924022,1179,17,1,3,0,21,64,85,27,33,267
111,111,월세,750,1억,24.5,B1/4,남서향,37.56162,126.925672,1176,16,1,4,1,32,78,100,38,44,237
112,112,월세,110,"2,000",7.0,1/4,남서향,37.562091,126.922368,1683,19,1,4,0,35,80,101,39,46,285
113,113,월세,680,1억,33.9,2/5,남서향,37.564409,126.921286,1141,21,1,3,0,19,50,57,17,26,244
114,114,월세,410,"5,000",33.9,3/5,남서향,37.564409,126.921286,1141,21,1,3,0,19,50,57,17,26,244
115,115,월세,520,1억,23.9,1/5,남서향,37.564409,126.921286,1141,21,1,3,0,19,50,57,17,26,244
116,116,월세,"2,600",3억,49.0,1/5,남서향,37.564409,126.921286,1141,21,1,3,0,19,50,57,17,26,244
117,117,월세,500,"7,000",34.8,1/5,남동향,37.565563,126.92397,879,15,0,3,0,15,50,61,20,26,242
118,118,월세,250,"3,000",13.9,1/3,동향,37.561803,126.926469,1378,12,1,3,0,30,71,98,36,38,221
119,119,월세,430,"5,000",20.0,1/4,남서향,37.564639,126.924998,1305,14,1,3,0,20,63,80,26,30,255
120,120,월세,430,"5,000",20.0,2/4,남서향,37.564639,126.924998,1305,14,1,3,0,20,63,80,26,30,255
121,121,월세,350,"4,000",21.8,3/4,남서향,37.564639,126.924998,1305,14,1,3,0,20,63,80,26,30,255
122,122,월세,450,"5,000",20.0,B1/4,남서향,37.564639,126.924998,1305,14,1,3,0,20,63,80,26,30,255
123,123,월세,150,"2,000",7.9,4/4,남서향,37.564639,126.924998,1305,14,1,3,0,20,63,80,26,30,255
124,124,월세,200,"2,000",15.7,3/4,남서향,37.564639,126.924998,1305,14,1,3,0,20,63,80,26,30,255
125,125,월세,400,"5,000",52.9,1/4,서향,37.565089,126.923774,902,17,1,3,0,19,58,71,24,29,258
126,126,월세,410,"5,000",33.9,3/4,남동향,37.564409,126.921286,1141,21,1,3,0,19,50,57,17,26,244
127,127,월세,400,"5,000",24.8,1/4,남향,37.56554,126.923336,907,16,0,3,0,16,47,55,20,25,229
128,128,월세,"1,200",2억,57.8,1/4,남서향,37.564409,126.921286,1141,21,1,3,0,19,50,57,17,26,244
129,129,월세,400,"4,000",49.3,4/4,북서향,37.563286,126.925673,1550,13,1,2,0,27,71,93,31,38,243
130,130,월세,400,"5,000",24.2,1/4,동향,37.562554,126.925288,1153,13,1,3,0,32,78,100,35,43,254
131,131,월세,280,"4,000",29.6,2/4,서향,37.562742,126.925363,1338,13,1,3,0,31,75,98,34,42,253
132,132,월세,270,"3,240",10.3,2/4,남동향,37.561169,126.926094,1465,15,1,4,1,35,73,94,38,43,209
133,133,월세,200,"2,400",11.8,3/4,남동향,37.561169,126.926094,1465,15,1,4,1,35,73,94,38,43,209
134,134,월세,350,"4,200",10.0,1/4,남동향,37.561169,126.926094,1465,15,1,4,1,35,73,94,38,43,209
135,135,월세,250,"3,000",12.7,B1/4,남동향,37.561169,126.926094,1465,15,1,4,1,35,73,94,38,43,209
136,136,월세,500,"7,000",35.4,1/5,북동향,37.565563,126.92397,879,15,0,3,0,15,50,61,20,26,242
137,137,월세,250,"3,000",16.3,3/4,남서향,37.56634,126.919972,877,17,0,4,1,2,11,16,2,14,125
138,138,월세,400,"5,000",39.9,B1/5,남향,37.564409,126.921286,1141,21,1,3,0,19,50,57,17,26,244
139,139,월세,"1,200",2억,59.9,1/5,남향,37.564409,126.921286,1141,21,1,3,0,19,50,57,17,26,244
140,140,월세,490,"6,000",28.1,B1/3,남동향,37.561803,126.926469,1378,12,1,3,0,30,71,98,36,38,221
141,141,월세,450,"5,000",28.1,2/3,남동향,37.561803,126.926469,1378,12,1,3,0,30,71,98,36,38,221
142,142,월세,490,"6,000",28.1,1/3,남동향,37.561803,126.926469,1378,12,1,3,0,30,71,98,36,38,221
143,143,월세,250,"3,000",10.0,3/3,남동향,37.561803,126.926469,1378,12,1,3,0,30,71,98,36,38,221
144,144,월세,"1,600",2억,84.4,B1/3,남동향,37.561803,126.926469,1378,12,1,3,0,30,71,98,36,38,221
145,145,월세,200,"3,000",6.0,3/3,남동향,37.5617,126.926563,1859,12,1,2,0,29,71,96,35,38,208
146,146,월세,300,"3,600",10.9,1/3,남향,37.56162,126.925672,1176,16,1,4,1,32,78,100,38,44,237
147,147,월세,150,"1,800",7.6,4/4,동향,37.561169,126.926094,1465,15,1,4,1,35,73,94,38,43,209
148,148,월세,350,"4,000",24.2,2/3,동향,37.562925,126.926168,1305,12,1,2,0,27,70,96,31,39,240
149,149,월세,160,"2,000",7.0,4/4,동향,37.562873,126.92542,1338,13,1,2,0,29,74,98,32,41,251
150,150,월세,230,"3,000",14.8,1/2,남향,37.563343,126.927376,1106,9,1,1,0,22,65,81,29,29,206
151,151,월세,300,"3,000",20.3,3/3,북동향,37.562925,126.926168,1305,12,1,2,0,27,70,96,31,39,240
152,152,월세,100,"1,500",10.9,B1/2,서향,37.564368,126.917065,871,32,0,5,1,4,6,10,2,13,78
153,153,월세,"1,500",2억,97.7,1/4,동향,37.561382,126.924111,1514,21,1,5,1,35,80,104,40,46,255
154,154,월세,350,"4,000",23.6,B1/4,동향,37.560691,126.924788,1448,20,2,5,1,41,75,95,47,46,219
155,155,월세,140,"3,000",15.4,1/2,동향,37.565271,126.924641,910,15,1,3,0,19,55,71,23,27,248
156,156,월세,230,"3,000",13.3,1/1,동향,37.566215,126.920623,902,17,0,3,0,2,11,16,2,15,135
157,157,월세,90,"1,000",3.9,B1/4,동향,37.56554,126.923336,907,16,0,3,0,16,47,55,20,25,229
158,158,월세,600,1억,31.5,1/5,동향,37.559813,126.920612,958,39,2,8,0,37,52,62,33,35,122
159,159,월세,200,"3,000",10.0,1/2,남향,37.560965,126.925299,1136,18,1,5,1,36,76,98,42,44,221
160,160,월세,310,"3,000",20.0,1/3,남향,37.56207,126.925007,1140,15,1,3,0,33,79,101,36,44,251
161,161,월세,160,"2,500",8.2,B1/2,남향,37.562117,126.926043,1140,14,1,3,0,31,76,98,35,40,233
162,162,월세,160,"2,000",10.6,B1/3,북동향,37.562528,126.924938,1161,15,1,3,0,33,78,100,36,43,258
163,163,월세,300,"3,000",13.6,1/5,북서향,37.561654,126.92627,1139,13,1,3,0,32,73,99,36,40,223
164,164,월세,160,"2,000",7.9,1/5,남향,37.562355,126.920091,2317,30,1,3,0,29,45,60,23,29,222
165,165,월세,220,"3,000",29.3,2/4,동향,37.559796,126.921363,1037,36,3,8,1,42,65,82,45,35,150
166,166,월세,130,"2,000",11.8,1/4,,37.563381,126.926123,1441,12,1,2,0,27,69,89,31,34,240
167,167,월세,230,"3,000",22.7,1/3,,37.561856,126.926786,1019,12,1,2,0,29,71,96,32,37,206
168,168,월세,250,"3,000",16.6,1/4,,37.562922,126.925313,1319,14,1,2,0,30,74,98,32,42,253
169,169,월세,260,"4,000",24.5,B1/4,,37.563093,126.925582,1338,13,1,2,0,27,71,97,31,39,246
170,170,월세,250,"3,000",11.2,B1/4,남동향,37.561169,126.926094,1465,15,1,4,1,35,73,94,38,43,209
171,171,월세,120,"2,000",7.9,1/4,북서향,37.564134,126.926598,1525,10,1,2,0,20,63,77,27,29,227
172,172,월세,320,"5,000",29.9,1/3,남향,37.564494,126.921422,1096,20,1,3,0,19,53,57,19,26,247
173,173,월세,310,"3,000",20.0,1/3,남향,37.56207,126.925007,1140,15,1,3,0,33,79,101,36,44,251
174,174,월세,90,"2,000",7.0,1/2,북동향,37.561205,126.922549,1740,24,1,5,0,39,82,106,43,48,269
175,175,월세,270,"5,000",12.7,1/3,남동향,37.559689,126.921469,1005,35,3,8,1,43,64,83,45,36,148
176,176,월세,160,"2,000",6.4,4/4,북동향,37.562873,126.92542,1338,13,1,2,0,29,74,98,32,41,251
177,177,월세,350,"4,000",18.5,B1/5,동향,37.565509,126.921677,998,18,0,3,0,15,33,36,14,22,205
178,178,월세,350,"4,000",18.5,1/5,동향,37.565509,126.921677,998,18,0,3,0,15,33,36,14,22,205
179,179,월세,500,"7,000",35.4,1/5,,37.565563,126.92397,879,15,0,3,0,15,50,61,20,26,242
180,180,월세,350,"4,000",49.3,4/4,북향,37.563286,126.925673,1550,13,1,2,0,27,71,93,31,38,243
181,181,월세,190,"3,000",10.0,B1/3,북동향,37.560579,126.923681,1416,21,2,5,1,45,79,99,51,46,228
182,182,월세,500,"5,000",27.8,2/2,남서향,37.565327,126.922203,970,19,0,3,0,16,42,48,17,23,224
183,183,월세,280,"4,000",10.0,B1/4,북동향,37.562458,126.925371,1153,13,1,3,0,32,78,100,35,43,254
184,184,월세,280,"3,000",22.1,1/4,북서향,37.563725,126.92614,1399,12,1,2,0,24,68,84,28,34,237
185,185,월세,240,"3,000",26.3,2/4,남향,37.561538,126.924691,1319,19,1,5,1,34,79,103,40,45,250
186,186,월세,230,"3,000",16.9,2/4,동향,37.561559,126.925483,1285,17,1,4,1,32,79,100,38,45,239
187,187,월세,170,"3,000",22.1,2/5,남향,37.562637,126.925044,1417,15,1,3,0,33,78,99,35,43,257
188,188,월세,220,"3,000",28.4,1/2,남동향,37.56285,126.926052,1302,12,1,2,0,27,71,98,31,39,240
189,189,월세,260,"4,000",24.5,B1/4,북향,37.563093,126.925582,1338,13,1,2,0,27,71,97,31,39,246
190,190,월세,230,"3,000",16.9,2/4,동향,37.561559,126.925483,1285,17,1,4,1,32,79,100,38,45,239
191,191,월세,160,"2,500",7.0,B1/2,남향,37.562117,126.926043,1140,14,1,3,0,31,76,98,35,40,233
192,192,월세,65,500,4.5,2/4,북동향,37.562748,126.918298,845,30,0,3,0,7,12,17,6,21,136
193,193,월세,90,"1,000",8.5,B1/4,남동향,37.562748,126.918298,845,30,0,3,0,7,12,17,6,21,136
194,194,월세,680,1억,31.5,2/4,남동향,37.564409,126.921286,1141,21,1,3,0,19,50,57,17,26,244
195,195,월세,520,1억,25.7,1/4,남동향,37.564409,126.921286,1141,21,1,3,0,19,50,57,17,26,244
196,196,월세,410,"5,000",31.5,3/4,남동향,37.564409,126.921286,1141,21,1,3,0,19,50,57,17,26,244
197,197,월세,230,"3,000",23.9,1/5,남동향,37.560504,126.921764,1038,34,1,8,1,39,73,97,41,47,214
198,198,월세,230,"3,000",13.6,1/1,남동향,37.566215,126.920623,902,17,0,3,0,2,11,16,2,15,135
199,199,월세,600,"5,000",58.7,B1/2,남향,37.563249,126.917384,905,33,0,4,0,5,8,11,4,18,100
200,200,월세,550,"8,000",40.8,1/5,남동향,37.559813,126.920612,958,39,2,8,0,37,52,62,33,35,122
201,201,월세,280,"3,000",18.1,2/2,남서향,37.565254,126.923888,902,16,1,3,0,17,56,69,23,28,254
202,202,월세,350,"5,000",31.5,1/2,서향,37.565144,126.924761,910,14,1,3,0,19,58,71,23,28,251
203,203,월세,450,"5,000",17.8,1/3,남서향,37.561243,126.926023,1465,15,1,4,1,34,73,96,38,43,215
204,204,월세,70,"1,000",7.9,1/2,남서향,37.565562,126.917361,858,26,0,5,1,3,6,10,2,12,74
205,205,월세,"1,200",2억,98.3,1/4,남서향,37.564671,126.923448,1145,18,1,3,0,21,63,76,25,32,270
206,206,월세,170,"3,000",22.1,2/5,,37.562637,126.925044,1417,15,1,3,0,33,78,99,35,43,257
207,207,월세,340,"5,000",55.1,B1/5,남향,37.564448,126.924022,1179,17,1,3,0,21,64,85,27,33,267
208,208,월세,200,"3,000",15.1,3/4,북서향,37.565734,126.922985,847,16,0,3,0,15,37,46,18,20,210
209,209,월세,230,"3,000",11.8,B1/3,남향,37.560609,126.925422,1302,17,2,4,1,41,74,95,45,47,207
210,210,월세,280,"5,000",20.6,1/5,북동향,37.560563,126.925083,1321,18,2,4,1,43,76,96,47,47,211
211,211,월세,600,1억,40.8,1/5,남동향,37.559813,126.920612,958,39,2,8,0,37,52,62,33,35,122
212,212,월세,260,"4,000",24.5,B1/4,북동향,37.563093,126.925582,1338,13,1,2,0,27,71,97,31,39,246
213,213,월세,"2,300",3억,174.5,1/5,남동향,37.563736,126.925642,1506,14,1,2,0,27,71,87,29,35,247
214,214,월세,"1,000",1억,129.8,B1/4,남서향,37.558704,126.918276,1710,42,2,4,0,21,24,19,23,18,45
215,215,월세,120,"2,000",6.0,1/5,남향,37.563944,126.92455,943,15,1,3,0,28,71,90,29,37,266
216,216,월세,190,"2,000",17.2,1/4,남서향,37.562124,126.918253,843,29,0,3,0,8,13,12,8,20,108
217,217,월세,230,"3,000",16.9,2/4,서향,37.561559,126.925483,1285,17,1,4,1,32,79,100,38,45,239
218,218,월세,120,"2,000",7.9,1/4,북서향,37.564134,126.926598,1525,10,1,2,0,20,63,77,27,29,227
219,219,월세,350,"5,000",23.6,1/3,북동향,37.565725,126.923511,890,14,0,3,0,16,41,53,19,24,222
220,220,월세,230,"3,000",16.9,2/4,서향,37.561559,126.925483,1285,17,1,4,1,32,79,100,38,45,239
221,221,월세,500,"6,000",28.1,B1/2,동향,37.561803,126.926469,1378,12,1,3,0,30,71,98,36,38,221
222,222,월세,300,"4,000",24.2,2/2,동향,37.561066,126.925531,1136,16,1,5,1,36,76,98,41,44,220
223,223,월세,120,"2,000",10.0,1/4,북서향,37.562053,126.921427,1052,23,1,3,0,35,78,103,40,47,284
224,224,월세,260,"4,000",24.5,B1/4,북향,37.563093,126.925582,1338,13,1,2,0,27,71,97,31,39,246
225,225,월세,200,"3,000",17.2,2/4,,37.565734,126.922985,847,16,0,3,0,15,37,46,18,20,210
226,226,월세,200,"3,000",15.4,3/4,,37.565734,126.922985,847,16,0,3,0,15,37,46,18,20,210
227,227,월세,300,"4,000",17.2,1/4,,37.565734,126.922985,847,16,0,3,0,15,37,46,18,20,210
228,228,월세,250,"3,000",19.4,1/4,남서향,37.563516,126.92487,982,15,1,2,0,29,72,93,31,37,260
229,229,월세,980,"1억 3,000",52.0,B1/4,,37.565734,126.922985,847,16,0,3,0,15,37,46,18,20,210
230,230,월세,350,"5,000",55.1,B1/5,북서향,37.564448,126.924022,1179,17,1,3,0,21,64,85,27,33,267
231,231,월세,95,"1,000",8.8,1/2,남향,37.563093,126.917412,909,32,0,4,0,5,8,11,4,18,100
232,232,월세,130,"2,000",4.8,1/5,남동향,37.560631,126.920559,953,33,1,7,0,37,56,68,33,37,155
233,233,월세,150,"1,000",8.2,1/3,남서향,37.561264,126.920281,902,29,1,5,0,34,50,66,27,36,179
234,234,월세,280,"3,000",16.6,1/4,,37.562922,126.925313,1319,14,1,2,0,30,74,98,32,42,253
235,235,월세,400,"5,000",19.4,2/2,북향,37.562159,126.926715,1420,11,1,3,0,28,72,96,33,35,217
236,236,월세,260,"3,000",15.1,B1/3,남향,37.56207,126.925007,1140,15,1,3,0,33,79,101,36,44,251
237,237,월세,80,"1,000",7.0,1/4,남서향,37.564504,126.920433,1809,21,0,3,0,15,27,34,12,25,196
238,238,월세,240,"3,000",14.8,2/5,남향,37.561772,126.924972,1140,16,1,4,0,33,78,102,38,44,247
239,239,월세,220,"3,000",7.9,1/5,남향,37.561772,126.924972,1140,16,1,4,0,33,78,102,38,44,247
240,240,월세,250,"3,000",17.2,1/3,남서향,37.561824,126.926045,1139,12,1,3,0,32,77,100,37,42,234
241,241,월세,300,"4,000",21.5,1/4,북향,37.561941,126.925084,1239,16,1,3,0,33,78,101,37,44,249
242,242,매매,,"3억 2,000",7.9,1/5,남향,37.56538,126.918039,866,27,0,5,1,3,11,14,4,16,108
243,243,월세,400,"5,000",52.9,1/4,서향,37.565089,126.923774,902,17,1,3,0,19,58,71,24,29,258
244,244,월세,230,"3,000",16.9,2/4,서향,37.561559,126.925483,1285,17,1,4,1,32,79,100,38,45,239
245,245,월세,150,"1,000",10.0,1/3,남서향,37.561264,126.920281,902,29,1,5,0,34,50,66,27,36,179
246,246,월세,300,"4,000",15.1,B1/4,북서향,37.565734,126.922985,847,16,0,3,0,15,37,46,18,20,210
247,247,월세,350,"6,000",30.2,1/2,남향,37.56105,126.925018,1509,18,1,5,1,37,78,100,42,45,232
248,248,월세,170,"2,000",16.9,1/2,북향,37.560927,126.924949,1600,18,1,5,1,37,76,99,43,46,224
249,249,월세,150,"1,000",11.8,3/4,,37.562385,126.924921,1161,15,1,3,0,33,78,100,36,44,257
250,250,월세,260,"3,000",12.4,B1/3,남향,37.56207,126.925007,1140,15,1,3,0,33,79,101,36,44,251
251,251,월세,300,"3,000",20.6,3/3,남서향,37.562763,126.925724,1344,12,1,3,0,29,74,98,32,41,249
252,252,월세,400,"5,000",24.8,1/4,남향,37.56554,126.923336,907,16,0,3,0,16,47,55,20,25,229
253,253,월세,450,"5,000",29.6,1/5,북동향,37.55927,126.921056,1876,38,3,8,1,43,55,71,46,37,112
254,254,월세,100,"1,000",5.7,B1/1,북동향,37.564777,126.923147,910,18,1,3,0,21,63,75,24,32,272
255,255,월세,350,"3,000",18.5,B1/3,서향,37.562278,126.925378,1153,12,1,3,0,32,78,100,36,44,250
256,256,월세,175,"2,000",8.8,1/5,남동향,37.562338,126.924051,1273,16,1,3,0,33,79,100,37,44,265
257,257,월세,130,"3,000",11.8,1/4,남향,37.56533,126.92412,902,16,1,3,0,16,55,68,23,26,250
258,258,월세,350,"3,000",18.5,B1/3,서향,37.562278,126.925378,1153,12,1,3,0,32,78,100,36,44,250
259,259,월세,350,"3,000",10.0,B1/3,서향,37.562278,126.925378,1153,12,1,3,0,32,78,100,36,44,250
260,260,월세,"1,200",2억,57.5,1/4,남향,37.564409,126.921286,1141,21,1,3,0,19,50,57,17,26,244
261,261,월세,430,"6,000",28.7,1/3,서향,37.56485,126.92331,909,18,1,3,0,21,62,74,24,32,267
262,262,월세,400,"5,000",39.9,B1/4,남향,37.564409,126.921286,1141,21,1,3,0,19,50,57,17,26,244
263,263,월세,170,"2,000",21.2,B1/3,동향,37.562528,126.924938,1161,15,1,3,0,33,78,100,36,43,258
264,264,월세,270,"3,000",10.0,2/4,동향,37.561169,126.926094,1465,15,1,4,1,35,73,94,38,43,209
265,265,월세,190,"3,500",16.0,1/5,북동향,37.561109,126.920106,919,30,1,6,0,35,44,59,26,37,158
266,266,월세,280,"3,000",18.1,2/2,남서향,37.565254,126.923888,902,16,1,3,0,17,56,69,23,28,254
267,267,월세,110,"1,500",10.9,B1/2,서향,37.564368,126.917065,871,32,0,5,1,4,6,10,2,13,78
268,268,월세,250,"4,000",23.6,2/4,,37.562116,126.925874,1140,13,1,3,0,32,77,100,35,40,238
269,269,월세,250,"3,000",11.2,B1/4,남향,37.561169,126.926094,1465,15,1,4,1,35,73,94,38,43,209
270,270,월세,240,"3,000",10.9,B1/3,북서향,37.561856,126.926786,1019,12,1,2,0,29,71,96,32,37,206
271,271,월세,180,"3,000",10.0,3/4,서향,37.562183,126.924832,1203,17,1,3,0,33,79,100,36,44,257
272,272,월세,260,"3,000",15.1,B1/3,남향,37.56207,126.925007,1140,15,1,3,0,33,79,101,36,44,251
273,273,월세,160,"2,000",8.5,1/1,,37.564093,126.924794,1271,14,1,3,0,24,67,86,27,35,258
274,274,월세,190,"2,000",11.2,B1/3,,37.560946,126.924556,1600,21,1,5,1,39,79,101,43,46,237
275,275,월세,360,"3,000",29.9,4/5,서향,37.562831,126.924535,1363,16,1,2,0,33,75,99,34,43,264
276,276,월세,120,"2,000",7.6,1/3,북동향,37.560909,126.921035,974,33,1,8,0,36,69,92,34,42,210
277,277,월세,350,"4,000",7.3,1/4,남서향,37.561169,126.926094,1465,15,1,4,1,35,73,94,38,43,209
278,278,월세,250,"3,000",16.3,3/4,남서향,37.56634,126.919972,877,17,0,4,1,2,11,16,2,14,125
279,279,월세,130,"2,000",11.8,1/4,남서향,37.563381,126.926123,1441,12,1,2,0,27,69,89,31,34,240
280,280,월세,320,"3,000",14.5,2/3,북동향,37.560849,126.924547,1600,21,1,5,1,40,77,100,43,47,228
281,281,월세,500,"6,000",28.1,1/2,동향,37.561803,126.926469,1378,12,1,3,0,30,71,98,36,38,221
282,282,월세,500,"6,000",28.1,B1/2,서향,37.561803,126.926469,1378,12,1,3,0,30,71,98,36,38,221
283,283,월세,160,"2,000",7.9,1/5,남향,37.562355,126.920091,2317,30,1,3,0,29,45,60,23,29,222
284,284,월세,250,"3,000",10.0,B1/4,남향,37.561169,126.926094,1465,15,1,4,1,35,73,94,38,43,209
285,285,월세,350,"6,000",30.2,1/2,남향,37.56105,126.925018,1509,18,1,5,1,37,78,100,42,45,232
286,286,월세,120,"2,000",6.0,1/5,남동향,37.563944,126.92455,943,15,1,3,0,28,71,90,29,37,266
287,287,월세,240,"3,000",26.3,2/4,동향,37.561538,126.924691,1319,19,1,5,1,34,79,103,40,45,250
288,288,월세,400,"5,000",27.8,2/4,,37.562554,126.925288,1153,13,1,3,0,32,78,100,35,43,254
289,289,월세,350,"5,000",19.1,1/5,남향,37.562843,126.924662,1294,16,1,2,0,33,75,99,34,43,263
290,290,월세,520,1억,25.7,1/4,남향,37.564409,126.921286,1141,21,1,3,0,19,50,57,17,26,244
291,291,월세,360,"4,000",27.2,4/5,남동향,37.562831,126.924535,1363,16,1,2,0,33,75,99,34,43,264
292,292,월세,680,1억,31.5,2/4,남향,37.564409,126.921286,1141,21,1,3,0,19,50,57,17,26,244
293,293,월세,307,"5,000",77.4,B1/5,북향,37.564448,126.924022,1179,17,1,3,0,21,64,85,27,33,267
294,294,월세,190,"2,000",17.2,1/4,남향,37.562124,126.918253,843,29,0,3,0,8,13,12,8,20,108
295,295,월세,109,"1,000",17.8,1/3,남서향,37.561578,126.919992,913,30,1,5,0,32,39,54,23,32,174
296,296,월세,135,"1,000",14.2,1/5,남동향,37.564386,126.918003,904,32,0,4,0,4,11,13,4,19,119
297,297,월세,160,"2,500",7.0,B1/2,남향,37.562117,126.926043,1140,14,1,3,0,31,76,98,35,40,233
298,298,월세,350,"3,000",18.5,B1/3,서향,37.562278,126.925378,1153,12,1,3,0,32,78,100,36,44,250
299,299,월세,250,"3,000",16.3,3/4,남향,37.56634,126.919972,877,17,0,4,1,2,11,16,2,14,125
300,300,월세,150,"2,000",14.8,4/4,남향,37.562554,126.925288,1153,13,1,3,0,32,78,100,35,43,254
301,301,월세,160,"2,500",11.2,4/4,남서향,37.561852,126.92462,1240,19,1,4,0,33,79,101,38,44,251
302,302,월세,190,"2,500",12.7,1/4,남향,37.562458,126.925371,1153,13,1,3,0,32,78,100,35,43,254
303,303,월세,170,"2,000",12.7,B1/3,북동향,37.562528,126.924938,1161,15,1,3,0,33,78,100,36,43,258
304,304,월세,180,"3,000",17.8,4/4,서향,37.562742,126.925363,1338,13,1,3,0,31,75,98,34,42,253
305,305,월세,350,"3,000",18.5,B1/3,서향,37.562278,126.925378,1153,12,1,3,0,32,78,100,36,44,250
306,306,월세,250,"3,000",16.3,3/4,서향,37.56634,126.919972,877,17,0,4,1,2,11,16,2,14,125
307,307,월세,250,"4,000",16.6,B1/2,북동향,37.562159,126.926715,1420,11,1,3,0,28,72,96,33,35,217
308,308,월세,200,"3,000",25.4,2/3,서향,37.566555,126.917098,892,18,0,4,1,1,3,8,3,6,50
309,309,월세,120,"2,000",7.9,1/3,서향,37.566555,126.917098,892,18,0,4,1,1,3,8,3,6,50
310,310,월세,180,"3,000",21.5,1/4,남서향,37.563768,126.918983,938,26,0,3,0,6,17,22,5,22,163
311,311,월세,220,"2,000",11.8,2/5,남동향,37.56152,126.925741,1176,16,1,4,1,32,78,100,38,44,232
312,312,월세,80,"1,000",5.7,3/5,동향,37.564166,126.91916,964,24,0,3,0,5,17,20,5,23,159
313,313,월세,150,"3,000",13.0,1/3,동향,37.566314,126.91697,904,20,0,4,1,1,3,9,3,7,53
314,314,월세,180,"3,000",8.8,2/4,서향,37.562183,126.924832,1203,17,1,3,0,33,79,100,36,44,257
315,315,월세,"1,500",2억,95.9,1/4,동향,37.561382,126.924111,1514,21,1,5,1,35,80,104,40,46,255
316,316,월세,450,"5,000",29.6,1/5,남동향,37.55927,126.921056,1876,38,3,8,1,43,55,71,46,37,112
317,317,월세,570,"8,000",33.9,1/5,남동향,37.559813,126.920612,958,39,2,8,0,37,52,62,33,35,122
318,318,월세,350,"6,000",30.2,전체층/2,서향,37.56105,126.925018,1509,18,1,5,1,37,78,100,42,45,232
319,319,월세,180,"3,000",9.7,2/3,북동향,37.560579,126.923681,1416,21,2,5,1,45,79,99,51,46,228
320,320,월세,500,"7,000",35.4,2/5,북동향,37.565563,126.92397,879,15,0,3,0,15,50,61,20,26,242
321,321,월세,125,"2,500",9.1,1/3,동향,37.565398,126.917105,870,27,0,5,1,4,5,10,2,12,71
322,322,매매,,"4억 7,000",6.0,1/5,남서향,37.565921,126.917299,857,24,0,5,1,3,5,10,1,9,65
323,323,매매,,"5억 9,000",8.8,1/5,남서향,37.565921,126.917299,857,24,0,5,1,3,5,10,1,9,65
324,324,월세,280,"5,000",20.6,1/5,북동향,37.560563,126.925083,1321,18,2,4,1,43,76,96,47,47,211
325,325,월세,280,"5,000",24.8,2/4,북동향,37.562922,126.92574,1344,12,1,2,0,27,71,98,31,39,245
326,326,월세,160,"2,000",6.4,4/4,북동향,37.562873,126.92542,1338,13,1,2,0,29,74,98,32,41,251
327,327,월세,350,"4,000",24.2,2/3,북동향,37.562925,126.926168,1305,12,1,2,0,27,70,96,31,39,240
328,328,월세,130,"2,000",13.9,4/4,북동향,37.562257,126.925545,1153,12,1,3,0,32,77,100,35,43,248
329,329,월세,"1,000",1억,104.1,B1/4,남서향,37.558704,126.918276,1710,42,2,4,0,21,24,19,23,18,45
330,330,월세,260,"3,000",15.1,B1/3,남향,37.56207,126.925007,1140,15,1,3,0,33,79,101,36,44,251
331,331,월세,170,"2,000",10.6,B1/3,북서향,37.562528,126.924938,1161,15,1,3,0,33,78,100,36,43,258
332,332,월세,"1,000",1억,143.7,B1/4,남서향,37.558704,126.918276,1710,42,2,4,0,21,24,19,23,18,45
333,333,월세,210,"3,000",7.3,1/1,남향,37.566375,126.920092,879,16,0,4,1,2,11,16,2,14,123
334,334,월세,300,"3,000",20.3,3/3,북향,37.562925,126.926168,1305,12,1,2,0,27,70,96,31,39,240
335,335,월세,250,"3,000",14.8,1/2,남서향,37.56297,126.926575,1124,10,1,2,0,27,67,92,31,38,228
336,336,월세,600,"7,000",60.5,B1/7,남향,37.560966,126.924026,1252,20,1,5,1,37,80,104,43,45,244
337,337,월세,900,1억,79.6,4/7,남향,37.560966,126.924026,1252,20,1,5,1,37,80,104,43,45,244
338,338,월세,130,"2,000",7.0,1/4,남향,37.563381,126.926123,1441,12,1,2,0,27,69,89,31,34,240
339,339,월세,220,"3,000",7.9,1/5,남향,37.561772,126.924972,1140,16,1,4,0,33,78,102,38,44,247
340,340,월세,240,"3,000",14.2,2/5,남동향,37.561772,126.924972,1140,16,1,4,0,33,78,102,38,44,247
341,341,월세,420,"5,000",12.7,B1/3,동향,37.56162,126.925672,1176,16,1,4,1,32,78,100,38,44,237
342,342,월세,250,"3,000",16.6,1/4,,37.562922,126.925313,1319,14,1,2,0,30,74,98,32,42,253
343,343,월세,280,"3,000",16.6,1/4,동향,37.562922,126.925313,1319,14,1,2,0,30,74,98,32,42,253
344,344,월세,80,"1,000",25.4,B1/3,서향,37.566555,126.917098,892,18,0,4,1,1,3,8,3,6,50
345,345,월세,190,"3,500",14.8,1/5,북동향,37.561109,126.920106,919,30,1,6,0,35,44,59,26,37,158
346,346,월세,400,"5,000",24.2,1/4,동향,37.562554,126.925288,1153,13,1,3,0,32,78,100,35,43,254
347,347,월세,140,"1,500",6.7,2/3,북서향,37.561976,126.926352,1378,12,1,3,0,30,73,98,35,40,228
348,348,월세,320,"3,000",23.6,2/3,남향,37.560849,126.924547,1600,21,1,5,1,40,77,100,43,47,228
349,349,월세,470,"6,500",28.7,B1/3,남동향,37.56485,126.92331,909,18,1,3,0,21,62,74,24,32,267
350,350,월세,320,"5,000",28.7,2/3,남동향,37.56485,126.92331,909,18,1,3,0,21,62,74,24,32,267
351,351,월세,280,"2,000",10.0,1/5,북향,37.560154,126.919052,966,31,1,5,0,26,27,27,21,25,80
352,352,월세,100,"1,500",10.0,B1/3,남향,37.564368,126.917065,871,32,0,5,1,4,6,10,2,13,78
353,353,월세,150,"2,000",16.9,4/4,북동향,37.562554,126.925288,1153,13,1,3,0,32,78,100,35,43,254
354,354,월세,130,"2,000",4.8,1/5,남동향,37.560631,126.920559,953,33,1,7,0,37,56,68,33,37,155
355,355,월세,330,"5,000",21.5,1/3,남향,37.561069,126.924555,1509,20,1,5,1,36,78,102,43,45,240
356,356,월세,230,"3,500",17.2,3/3,서향,37.56485,126.92331,909,18,1,3,0,21,62,74,24,32,267
357,357,월세,320,"5,000",28.7,2/3,서향,37.56485,126.92331,909,18,1,3,0,21,62,74,24,32,267
358,358,월세,430,"6,000",28.7,1/3,서향,37.56485,126.92331,909,18,1,3,0,21,62,74,24,32,267
359,359,월세,150,"1,000",8.8,1/3,서향,37.561264,126.920281,902,29,1,5,0,34,50,66,27,36,179
360,360,월세,350,"4,000",23.9,2/3,동향,37.562925,126.926168,1305,12,1,2,0,27,70,96,31,39,240
361,361,월세,80,"1,000",5.7,3/5,남향,37.564166,126.91916,964,24,0,3,0,5,17,20,5,23,159
362,362,월세,300,"3,000",20.3,3/3,북동향,37.562925,126.926168,1305,12,1,2,0,27,70,96,31,39,240
363,363,월세,450,"5,000",23.0,1/5,동향,37.56661,126.918006,1068,17,0,4,1,1,7,12,2,7,75
364,364,월세,170,"3,000",16.3,4/5,남향,37.565332,126.924241,878,15,1,3,0,16,55,68,23,26,250
365,365,월세,450,"5,000",23.0,1/5,북동향,37.56661,126.918006,1068,17,0,4,1,1,7,12,2,7,75
366,366,월세,230,"2,700",14.8,3/3,동향,37.56162,126.925672,1176,16,1,4,1,32,78,100,38,44,237
367,367,월세,260,"3,100",15.7,2/3,동향,37.56162,126.925672,1176,16,1,4,1,32,78,100,38,44,237
368,368,월세,900,"1억 7,000",24.5,B1/3,동향,37.56162,126.925672,1176,16,1,4,1,32,78,100,38,44,237
369,369,월세,330,"3,900",10.9,1/3,동향,37.56162,126.925672,1176,16,1,4,1,32,78,100,38,44,237
370,370,월세,300,"5,000",28.7,4/5,남향,37.564409,126.921286,1141,21,1,3,0,19,50,57,17,26,244
371,371,월세,520,1억,25.1,1/5,남향,37.564409,126.921286,1141,21,1,3,0,19,50,57,17,26,244
372,372,월세,270,"3,500",23.6,B1/4,동향,37.560691,126.924788,1448,20,2,5,1,41,75,95,47,46,219
373,373,월세,150,"2,000",12.1,4/4,서향,37.563478,126.926251,1444,12,1,2,0,27,69,86,31,34,238
374,374,월세,200,"2,500",10.0,3/4,남향,37.561169,126.926094,1465,15,1,4,1,35,73,94,38,43,209
375,375,월세,240,"4,000",14.8,B1/4,북동향,37.562458,126.925371,1153,13,1,3,0,32,78,100,35,43,254
376,376,월세,109,"1,000",10.9,1/3,동향,37.561578,126.919992,913,30,1,5,0,32,39,54,23,32,174
377,377,월세,450,"5,000",29.3,1/5,남향,37.55927,126.921056,1876,38,3,8,1,43,55,71,46,37,112
378,378,월세,120,"2,000",7.9,1/5,북동향,37.560154,126.919052,966,31,1,5,0,26,27,27,21,25,80
379,379,월세,240,"3,000",11.2,B1/3,,37.561856,126.926786,1019,12,1,2,0,29,71,96,32,37,206
380,380,월세,364,"5,000",77.4,B1/5,서향,37.564448,126.924022,1179,17,1,3,0,21,64,85,27,33,267
381,381,월세,330,"5,000",21.5,2/3,동향,37.561069,126.924555,1509,20,1,5,1,36,78,102,43,45,240
382,382,월세,160,"2,000",7.9,1/5,북서향,37.562355,126.920091,2317,30,1,3,0,29,45,60,23,29,222
383,383,월세,120,"2,000",6.0,1/5,남동향,37.563944,126.92455,943,15,1,3,0,28,71,90,29,37,266
384,384,월세,90,"2,000",5.4,4/4,남향,37.561743,126.925266,1238,16,1,4,0,33,78,101,37,43,243
385,385,월세,170,"2,000",14.8,1/1,남동향,37.559345,126.918507,1268,34,1,5,0,25,24,18,23,21,57
386,386,월세,260,"3,000",20.0,B1/3,남향,37.56207,126.925007,1140,15,1,3,0,33,79,101,36,44,251
387,387,월세,310,"3,000",20.0,1/3,남향,37.56207,126.925007,1140,15,1,3,0,33,79,101,36,44,251
388,388,월세,100,"1,500",10.0,B1/2,남서향,37.564368,126.917065,871,32,0,5,1,4,6,10,2,13,78
389,389,월세,480,"4,000",37.8,2/5,,37.563392,126.925273,1319,14,1,2,0,27,72,93,31,38,251
390,390,월세,180,"3,000",10.0,3/4,서향,37.562183,126.924832,1203,17,1,3,0,33,79,100,36,44,257
391,391,월세,180,"3,000",8.8,2/4,서향,37.562183,126.924832,1203,17,1,3,0,33,79,100,36,44,257
392,392,월세,210,"3,000",8.5,1/1,남동향,37.566375,126.920092,879,16,0,4,1,2,11,16,2,14,123
393,393,월세,250,"3,000",16.3,3/4,북동향,37.56634,126.919972,877,17,0,4,1,2,11,16,2,14,125
394,394,월세,250,"3,000",10.0,B1/4,남향,37.561169,126.926094,1465,15,1,4,1,35,73,94,38,43,209
395,395,월세,120,"2,000",7.9,1/4,북서향,37.564134,126.926598,1525,10,1,2,0,20,63,77,27,29,227
396,396,월세,390,"5,000",18.8,1/3,,37.561403,126.924733,1319,20,1,5,1,34,79,102,40,44,246
397,397,월세,100,"1,500",10.0,B1/3,서향,37.564368,126.917065,871,32,0,5,1,4,6,10,2,13,78
398,398,월세,230,"3,000",10.9,3/4,,37.56634,126.919972,877,17,0,4,1,2,11,16,2,14,125
399,399,월세,130,"2,000",4.8,1/5,남동향,37.560631,126.920559,953,33,1,7,0,37,56,68,33,37,155
400,400,월세,170,"2,000",10.6,B1/4,,37.562528,126.924938,1161,15,1,3,0,33,78,100,36,43,258
401,401,월세,330,"3,900",10.0,1/3,서향,37.56162,126.925672,1176,16,1,4,1,32,78,100,38,44,237
402,402,월세,170,"2,000",10.6,B1/3,,37.562528,126.924938,1161,15,1,3,0,33,78,100,36,43,258
403,403,월세,90,"1,000",9.1,2/3,남서향,37.565727,126.921592,975,18,0,3,0,11,27,32,12,22,184
404,404,월세,350,"5,000",6.7,1/3,남동향,37.561711,126.924139,1797,20,1,4,0,34,79,103,39,44,260
405,405,월세,290,"3,000",22.1,1/4,북향,37.563725,126.92614,1399,12,1,2,0,24,68,84,28,34,237
406,406,월세,150,"2,000",6.4,4/4,남향,37.561169,126.926094,1465,15,1,4,1,35,73,94,38,43,209
407,407,월세,290,"4,000",15.7,1/3,북향,37.560935,126.924803,1600,20,1,5,1,37,76,100,43,47,230
408,408,월세,300,"5,000",28.7,4/5,남향,37.564409,126.921286,1141,21,1,3,0,19,50,57,17,26,244
409,409,월세,320,"5,000",29.9,1/3,남동향,37.564494,126.921422,1096,20,1,3,0,19,53,57,19,26,247
410,410,월세,410,"5,000",34.8,3/5,남향,37.564409,126.921286,1141,21,1,3,0,19,50,57,17,26,244
411,411,월세,680,1억,34.8,2/5,남향,37.564409,126.921286,1141,21,1,3,0,19,50,57,17,26,244
412,412,월세,400,"5,000",39.9,B1/5,남향,37.564409,126.921286,1141,21,1,3,0,19,50,57,17,26,244
413,413,월세,520,1억,25.1,1/5,남향,37.564409,126.921286,1141,21,1,3,0,19,50,57,17,26,244
414,414,월세,290,"4,000",20.0,2/4,남서향,37.56044,126.925495,1277,18,2,4,1,43,74,96,48,45,202
415,415,월세,180,"2,000",12.7,B1/5,,37.561568,126.92616,1139,14,1,3,1,32,74,98,37,43,225
416,416,월세,160,"2,500",7.3,B1/2,남향,37.562117,126.926043,1140,14,1,3,0,31,76,98,35,40,233
417,417,월세,380,"5,000",23.6,B1/4,,37.560691,126.924788,1448,20,2,5,1,41,75,95,47,46,219
418,418,월세,230,"3,000",11.5,3/3,,37.561069,126.924555,1509,20,1,5,1,36,78,102,43,45,240
419,419,월세,90,"1,000",8.8,B1/4,북동향,37.562748,126.918298,845,30,0,3,0,7,12,17,6,21,136
420,420,월세,250,"3,000",19.7,1/4,동향,37.564018,126.920283,1702,21,1,3,0,15,33,39,12,26,210
421,421,월세,210,"3,000",8.5,1/1,북동향,37.566375,126.920092,879,16,0,4,1,2,11,16,2,14,123
422,422,월세,250,"4,000",23.6,2/4,동향,37.562116,126.925874,1140,13,1,3,0,32,77,100,35,40,238
423,423,월세,130,"1,500",10.0,2/3,서향,37.561976,126.926352,1378,12,1,3,0,30,73,98,35,40,228
424,424,월세,130,"2,000",10.9,2/4,,37.562449,126.92466,1533,16,1,3,0,33,78,100,36,44,260
425,425,월세,220,"2,000",11.8,2/5,남동향,37.56152,126.925741,1176,16,1,4,1,32,78,100,38,44,232
426,426,월세,160,"2,000",7.9,1/5,북서향,37.562355,126.920091,2317,30,1,3,0,29,45,60,23,29,222
427,427,월세,800,1억,115.9,4/4,남서향,37.558704,126.918276,1710,42,2,4,0,21,24,19,23,18,45
428,428,월세,"1,000",1억,109.5,B1/4,남서향,37.558704,126.918276,1710,42,2,4,0,21,24,19,23,18,45
429,429,월세,200,"3,000",8.8,2/4,서향,37.562183,126.924832,1203,17,1,3,0,33,79,100,36,44,257
430,430,월세,100,"2,000",7.0,4/4,서향,37.562183,126.924832,1203,17,1,3,0,33,79,100,36,44,257
431,431,월세,200,"3,000",10.0,3/4,서향,37.562183,126.924832,1203,17,1,3,0,33,79,100,36,44,257
432,432,월세,130,"2,000",7.9,1/4,남서향,37.563381,126.926123,1441,12,1,2,0,27,69,89,31,34,240
433,433,월세,260,"3,000",20.0,B1/3,남향,37.56207,126.925007,1140,15,1,3,0,33,79,101,36,44,251
434,434,월세,230,"3,000",23.9,1/5,남동향,37.560504,126.921764,1038,34,1,8,1,39,73,97,41,47,214
435,435,월세,290,"4,000",20.6,2/3,남향,37.560935,126.924803,1600,20,1,5,1,37,76,100,43,47,230
436,436,월세,570,8억,33.3,1/5,동향,37.559813,126.920612,958,39,2,8,0,37,52,62,33,35,122
437,437,월세,350,"5,000",24.8,1/4,남향,37.56554,126.923336,907,16,0,3,0,16,47,55,20,25,229
438,438,월세,"2,600",3억,161.5,1/5,남서향,37.564409,126.921286,1141,21,1,3,0,19,50,57,17,26,244
439,439,월세,210,"3,000",10.6,1/3,북서향,37.561856,126.926786,1019,12,1,2,0,29,71,96,32,37,206
440,440,월세,300,"3,000",20.0,3/3,남향,37.562925,126.926168,1305,12,1,2,0,27,70,96,31,39,240
441,441,월세,250,"3,000",19.7,1/4,동향,37.564018,126.920283,1702,21,1,3,0,15,33,39,12,26,210
442,442,월세,160,"2,000",16.9,4/4,서향,37.562873,126.92542,1338,13,1,2,0,29,74,98,32,41,251
443,443,월세,100,"1,000",8.5,B1/5,북서향,37.562977,126.925251,1387,14,1,2,0,30,73,98,31,42,255
444,444,월세,200,"3,000",12.4,4/4,,37.561952,126.924528,1205,19,1,3,0,33,79,101,37,44,257
445,445,월세,180,"3,000",21.8,3/6,북동향,37.562574,126.926563,1497,10,1,3,0,27,68,97,31,36,225
446,446,월세,400,"5,000",23.9,1/4,남서향,37.562554,126.925288,1153,13,1,3,0,32,78,100,35,43,254
447,447,월세,450,"5,000",29.6,1/5,남향,37.55927,126.921055,1876,38,3,8,1,43,55,71,46,37,112
448,448,월세,170,"2,000",14.8,B1/2,남향,37.56285,126.926052,1302,12,1,2,0,27,71,98,31,39,240
449,449,월세,200,"2,500",12.1,2/3,동향,37.561803,126.926469,1378,12,1,3,0,30,71,98,36,38,221
450,450,월세,260,"4,000",24.5,B1/4,서향,37.563093,126.925582,1338,13,1,2,0,27,71,97,31,39,246
451,451,월세,260,"4,000",24.5,B1/4,동향,37.563093,126.925582,1338,13,1,2,0,27,71,97,31,39,246
452,452,월세,190,"3,000",10.6,B1/3,동향,37.560579,126.923681,1416,21,2,5,1,45,79,99,51,46,228
453,453,월세,260,"4,000",24.5,B1/4,북향,37.563093,126.925582,1338,13,1,2,0,27,71,97,31,39,246
454,454,월세,250,"3,000",14.5,1/2,남서향,37.56297,126.926575,1124,10,1,2,0,27,67,92,31,38,228
455,455,월세,230,"3,000",11.8,B1/3,남향,37.560609,126.925422,1302,17,2,4,1,41,74,95,45,47,207
456,456,월세,100,"1,500",10.0,B1/2,남서향,37.564368,126.917065,871,32,0,5,1,4,6,10,2,13,78
457,457,월세,360,"5,000",23.6,B1/4,북향,37.560691,126.924788,1448,20,2,5,1,41,75,95,47,46,219
458,458,월세,330,"5,000",21.5,1/3,남향,37.561069,126.924555,1509,20,1,5,1,36,78,102,43,45,240
459,459,월세,"1,000",1억,31.5,B1/4,남향,37.558704,126.918276,1710,42,2,4,0,21,24,19,23,18,45
460,460,월세,280,"2,000",22.4,1/5,남향,37.560154,126.919052,966,31,1,5,0,26,27,27,21,25,80
461,461,월세,230,"3,000",16.9,2/4,서향,37.561559,126.925483,1285,17,1,4,1,32,79,100,38,45,239
462,462,월세,170,"2,000",13.0,B1/2,북향,37.560927,126.924949,1600,18,1,5,1,37,76,99,43,46,224
463,463,월세,80,"1,000",14.8,2/5,북동향,37.561109,126.920106,919,30,1,6,0,35,44,59,26,37,158
464,464,월세,190,"3,000",10.0,B1/3,북동향,37.560579,126.923681,1416,21,2,5,1,45,79,99,51,46,228
465,465,월세,200,"2,500",10.0,2/3,남향,37.560609,126.925422,1302,17,2,4,1,41,74,95,45,47,207
466,466,월세,110,"1,000",8.8,1/3,남서향,37.561578,126.919992,913,30,1,5,0,32,39,54,23,32,174
467,467,월세,130,200,4.8,1/5,남동향,37.560631,126.920559,953,33,1,7,0,37,56,68,33,37,155
468,468,월세,220,"2,000",11.8,2/5,남동향,37.56152,126.925741,1176,16,1,4,1,32,78,100,38,44,232
469,469,월세,150,"1,500",10.0,1/3,남서향,37.561264,126.920281,902,29,1,5,0,34,50,66,27,36,179
470,470,월세,210,"3,000",8.5,1/1,동향,37.566375,126.920092,879,16,0,4,1,2,11,16,2,14,123
471,471,월세,550,"6,000",20.9,1/1,북동향,37.564745,126.923046,934,18,1,3,0,21,62,76,24,32,272
472,472,월세,600,"7,000",24.2,2/4,동향,37.561072,126.924097,1509,21,1,5,1,36,80,103,41,45,244
473,473,월세,500,"6,000",24.2,3/4,동향,37.561072,126.924097,1509,21,1,5,1,36,80,103,41,45,244
474,474,월세,500,"6,000",24.2,4/4,동향,37.561072,126.924097,1509,21,1,5,1,36,80,103,41,45,244
475,475,월세,500,"5,000",27.8,2/2,남서향,37.565327,126.922203,970,19,0,3,0,16,42,48,17,23,224
476,476,월세,500,"6,000",24.8,B1/4,남동향,37.561169,126.926094,1465,15,1,4,1,35,73,94,38,43,209
477,477,월세,100,"1,500",10.0,B1/2,서향,37.564368,126.917065,871,32,0,5,1,4,6,10,2,13,78
478,478,월세,300,"4,500",33.0,2/4,남동향,37.564227,126.922549,975,18,1,3,0,24,65,82,26,34,283
479,479,월세,200,"2,500",14.8,B1/2,남향,37.560965,126.925299,1136,18,1,5,1,36,76,98,42,44,221
480,480,월세,160,"2,500",7.3,B1/2,남향,37.562117,126.926043,1140,14,1,3,0,31,76,98,35,40,233
481,481,월세,320,"3,000",23.6,2/3,남향,37.560849,126.924547,1600,21,1,5,1,40,77,100,43,47,228
482,482,월세,220,"3,000",11.2,1/3,,37.561856,126.926786,1019,12,1,2,0,29,71,96,32,37,206
483,483,월세,360,"5,000",23.6,B1/4,북향,37.560639,126.924758,1448,21,2,4,1,41,76,96,47,46,215
484,484,월세,160,"2,000",7.9,1/2,북동향,37.559379,126.918473,1225,33,1,5,0,24,24,17,23,21,57
485,485,월세,250,"3,000",20.0,1/2,남향,37.56297,126.926575,1124,10,1,2,0,27,67,92,31,38,228
486,486,월세,180,"3,000",17.8,4/4,남향,37.562742,126.925363,1338,13,1,3,0,31,75,98,34,42,253
487,487,월세,"1,600","1억 9,000",74.4,1/4,남서향,37.564639,126.924998,1305,14,1,3,0,20,63,80,26,30,255
488,488,월세,250,"3,000",12.7,B1/4,동향,37.561169,126.926094,1465,15,1,4,1,35,73,94,38,43,209
489,489,월세,300,"3,600",12.7,2/4,동향,37.561169,126.926094,1465,15,1,4,1,35,73,94,38,43,209
490,490,월세,220,"3,000",12.7,1/2,남동향,37.56285,126.926052,1302,12,1,2,0,27,71,98,31,39,240
491,491,월세,200,"2,400",12.7,3/4,동향,37.561169,126.926094,1465,15,1,4,1,35,73,94,38,43,209
492,492,월세,450,"5,000",19.1,B1/2,남향,37.564639,126.924998,1305,14,1,3,0,20,63,80,26,30,255
493,493,월세,200,"2,500",11.2,4/4,남동향,37.561852,126.92462,1240,19,1,4,0,33,79,101,38,44,251
494,494,월세,260,"3,100",14.8,2/3,북서향,37.56162,126.925672,1176,16,1,4,1,32,78,100,38,44,237
495,495,월세,600,"7,200",23.3,2/4,동향,37.561169,126.926094,1465,15,1,4,1,35,73,94,38,43,209
496,496,월세,420,"5,000",12.7,B1/3,북서향,37.56162,126.925672,1176,16,1,4,1,32,78,100,38,44,237
497,497,월세,250,"3,000",11.8,B1/4,동향,37.561169,126.926094,1465,15,1,4,1,35,73,94,38,43,209
498,498,월세,150,"2,000",22.1,4/4,동향,37.561169,126.926094,1465,15,1,4,1,35,73,94,38,43,209
499,499,월세,500,"6,000",24.8,B1/4,동향,37.561169,126.926094,1465,15,1,4,1,35,73,94,38,43,209
500,500,월세,110,"1,500",11.2,B1/2,서향,37.564368,126.917065,871,32,0,5,1,4,6,10,2,13,78
501,501,월세,100,"1,500",10.0,B1/2,서향,37.564368,126.917065,871,32,0,5,1,4,6,10,2,13,78
502,502,월세,300,"4,000",20.0,3/3,남서향,37.562763,126.925724,1344,12,1,3,0,29,74,98,32,41,249
503,503,월세,200,"2,000",9.1,B1/5,동향,37.565509,126.921677,998,18,0,3,0,15,33,36,14,22,205
504,504,월세,150,"2,000",7.6,B1/5,동향,37.565509,126.921677,998,18,0,3,0,15,33,36,14,22,205
505,505,월세,220,"3,000",21.2,3/4,남서향,37.562703,126.924317,1055,16,1,3,0,33,78,99,36,43,266
506,506,월세,250,"3,000",34.5,B1/4,동향,37.561072,126.924097,1509,21,1,5,1,36,80,103,41,45,244
507,507,월세,500,"6,000",24.2,4/4,동향,37.561072,126.924097,1509,21,1,5,1,36,80,103,41,45,244
508,508,월세,360,"4,000",29.9,4/5,남동향,37.562831,126.924535,1363,16,1,2,0,33,75,99,34,43,264
509,509,월세,200,"2,000",29.3,2/4,동향,37.559796,126.921363,1037,36,3,8,1,42,65,82,45,35,150
510,510,월세,240,"3,000",26.3,2/4,남향,37.561538,126.924691,1319,19,1,5,1,34,79,103,40,45,250
511,511,월세,380,"7,000",31.8,1/5,,37.561109,126.920106,919,30,1,6,0,35,44,59,26,37,158
512,512,월세,420,"5,000",84.1,4/6,북서향,37.563599,126.920627,1702,21,1,3,0,22,49,57,17,29,240
513,513,월세,290,"4,000",20.6,1/3,북향,37.560935,126.924803,1600,20,1,5,1,37,76,100,43,47,230
514,514,월세,260,"4,000",24.5,B1/4,남서향,37.563093,126.925582,1338,13,1,2,0,27,71,97,31,39,246
515,515,월세,200,"3,000",10.3,1/2,남서향,37.560965,126.925299,1136,18,1,5,1,36,76,98,42,44,221
516,516,월세,600,"7,000",24.2,2/4,동향,37.561072,126.924097,1509,21,1,5,1,36,80,103,41,45,244
517,517,월세,130,"2,000",7.9,B1/2,남서향,37.563097,126.925815,1344,12,1,2,0,27,71,96,31,39,243
518,518,월세,274,"3,000",11.8,1/2,남동향,37.56285,126.926052,1302,12,1,2,0,27,71,98,31,39,240
519,519,월세,280,"5,000",24.8,2/4,북동향,37.562922,126.92574,1344,12,1,2,0,27,71,98,31,39,245
520,520,월세,280,"3,000",16.6,1/4,북동향,37.562922,126.925313,1319,14,1,2,0,30,74,98,32,42,253
521,521,월세,280,"2,000",16.3,2/5,북동향,37.560154,126.919052,966,31,1,5,0,26,27,27,21,25,80
522,522,월세,90,"1,000",7.9,3/5,남향,37.565727,126.921592,975,18,0,3,0,11,27,32,12,22,184
523,523,월세,220,"3,000",10.0,2/3,,37.561856,126.926786,1019,12,1,2,0,29,71,96,32,37,206
524,524,월세,450,"5,000",23.0,1/5,동향,37.56661,126.918006,1068,17,0,4,1,1,7,12,2,7,75
525,525,월세,400,"5,000",24.2,1/4,동향,37.562554,126.925288,1153,13,1,3,0,32,78,100,35,43,254
526,526,월세,300,"3,000",13.6,1/5,북서향,37.561654,126.92627,1139,13,1,3,0,32,73,99,36,40,223
527,527,월세,290,"4,000",20.0,2/4,남서향,37.56044,126.925495,1277,18,2,4,1,43,74,96,48,45,202
528,528,월세,121,"1,500",10.0,1/4,북서향,37.563199,126.926528,1124,10,1,2,0,27,68,89,31,34,230
529,529,월세,320,"3,000",21.5,B1/5,북동향,37.56251,126.924108,1136,16,1,3,0,33,79,99,36,44,266
530,530,월세,450,"5,000",24.5,1/5,북동향,37.564166,126.91916,964,24,0,3,0,5,17,20,5,23,159
531,531,월세,200,"3,000",20.0,3/4,남향,37.562702,126.924956,1417,15,1,3,0,33,78,99,34,43,258
532,532,월세,300,"3,000",10.0,B1/4,북동향,37.562458,126.925371,1153,13,1,3,0,32,78,100,35,43,254
533,533,월세,250,"3,000",16.3,3/4,북동향,37.56634,126.919972,877,17,0,4,1,2,11,16,2,14,125
534,534,월세,180,"2,000",16.0,2/3,동향,37.562103,126.926197,1140,12,1,3,0,31,75,98,35,40,231
535,535,월세,180,"3,000",10.0,2/3,북동향,37.560579,126.923681,1416,21,2,5,1,45,79,99,51,46,228
536,536,월세,145,"2,000",13.9,4/4,,37.562257,126.925545,1153,12,1,3,0,32,77,100,35,43,248
537,537,월세,350,"4,000",23.9,2/3,남향,37.562925,126.926168,1305,12,1,2,0,27,70,96,31,39,240
538,538,월세,490,"6,000",28.1,1/3,동향,37.561803,126.926469,1378,12,1,3,0,30,71,98,36,38,221
539,539,월세,220,"3,000",12.7,1/2,남동향,37.56285,126.926052,1302,12,1,2,0,27,71,98,31,39,240
540,540,월세,"1,000",1억,129.8,B1/4,남향,37.558704,126.918276,1710,42,2,4,0,21,24,19,23,18,45
541,541,월세,270,"3,500",23.6,B1/4,동향,37.560639,126.924758,1448,21,2,4,1,41,76,96,47,46,215
542,542,월세,"1,500",2억,97.7,1/4,동향,37.561382,126.924111,1514,21,1,5,1,35,80,104,40,46,255
543,543,월세,145,"2,500",10.9,B1/3,남서향,37.565725,126.923511,890,14,0,3,0,16,41,53,19,24,222
544,544,월세,50,"1,000",7.3,B1/2,남향,37.565184,126.923483,909,17,1,3,0,20,56,69,23,28,255
545,545,월세,100,"1,500",10.0,B1/2,서향,37.564368,126.917065,871,32,0,5,1,4,6,10,2,13,78
546,546,월세,274,"3,000",11.8,1/2,남향,37.56285,126.926052,1302,12,1,2,0,27,71,98,31,39,240
547,547,월세,130,"3,000",15.1,2/4,,37.562937,126.925977,1302,12,1,2,0,27,71,98,31,39,243
548,548,월세,230,"3,000",15.1,2/4,,37.562937,126.925977,1302,12,1,2,0,27,71,98,31,39,243
549,549,월세,300,"3,000",20.0,3/3,북동향,37.562925,126.926168,1305,12,1,2,0,27,70,96,31,39,240
550,550,월세,230,"3,000",13.6,1/1,동향,37.566215,126.920623,902,17,0,3,0,2,11,16,2,15,135
551,551,월세,121,"1,500",10.0,1/4,남동향,37.563199,126.926528,1124,10,1,2,0,27,68,89,31,34,230
552,552,월세,130,"2,000",7.9,B1/2,남서향,37.563097,126.925815,1344,12,1,2,0,27,71,96,31,39,243
553,553,월세,200,"3,000",10.3,1/2,남서향,37.560965,126.925299,1136,18,1,5,1,36,76,98,42,44,221
554,554,월세,90,"1,000",25.7,B1/4,북동향,37.563725,126.92614,1399,12,1,2,0,24,68,84,28,34,237
555,555,월세,350,"4,000",10.0,1/4,남향,37.561169,126.926094,1465,15,1,4,1,35,73,94,38,43,209
556,556,월세,270,"3,000",10.3,2/4,동향,37.561169,126.926094,1465,15,1,4,1,35,73,94,38,43,209
557,557,월세,400,"4,800",24.8,3/4,남동향,37.561169,126.926094,1465,15,1,4,1,35,73,94,38,43,209
558,558,월세,180,"1,500",13.9,1/2,남향,37.561586,126.91812,2303,29,0,5,0,8,14,11,10,19,83
559,559,월세,500,"7,000",34.8,1/5,동향,37.565563,126.92397,879,15,0,3,0,15,50,61,20,26,242
560,560,월세,200,"2,000",14.8,1/4,동향,37.560726,126.920469,953,31,1,6,0,37,56,68,33,37,156
561,561,월세,190,"3,500",15.7,1/5,,37.561109,126.920106,919,30,1,6,0,35,44,59,26,37,158
562,562,월세,150,"3,000",12.1,1/4,남향,37.56533,126.92412,902,16,1,3,0,16,55,68,23,26,250
563,563,월세,260,"3,000",20.0,B1/3,남향,37.56207,126.925007,1140,15,1,3,0,33,79,101,36,44,251
564,564,월세,140,"3,000",15.4,1/2,남향,37.565271,126.924641,910,15,1,3,0,19,55,71,23,27,248
565,565,월세,350,"5,000",29.6,2/4,남향,37.56554,126.923336,907,16,0,3,0,16,47,55,20,25,229
566,566,월세,243,"3,000",16.0,4/4,북서향,37.560639,126.924758,1448,21,2,4,1,41,76,96,47,46,215
567,567,월세,360,"5,000",23.6,B1/4,북동향,37.560639,126.924758,1448,21,2,4,1,41,76,96,47,46,215
568,568,월세,200,"3,000",15.1,1/6,동향,37.566864,126.917161,1183,16,0,3,1,1,2,7,3,6,47
569,569,월세,160,"2,000",11.8,4/4,북동향,37.562873,126.92542,1338,13,1,2,0,29,74,98,32,41,251
570,570,월세,130,"2,000",11.8,1/4,남서향,37.563381,126.926123,1441,12,1,2,0,27,69,89,31,34,240
571,571,월세,350,"5,000",24.8,1/4,남서향,37.56554,126.923336,907,16,0,3,0,16,47,55,20,25,229
572,572,월세,160,"2,000",11.2,1/5,북동향,37.562355,126.920091,2317,30,1,3,0,29,45,60,23,29,222
573,573,월세,450,"5,000",29.6,1/5,동향,37.55927,126.921055,1876,38,3,8,1,43,55,71,46,37,112
574,574,월세,120,"2,000",6.7,1/4,동향,37.562053,126.921427,1052,23,1,3,0,35,78,103,40,47,284
575,575,월세,270,"3,000",10.9,1/3,남동향,37.561866,126.924503,1359,19,1,4,0,33,79,102,38,44,257
576,576,월세,400,"5,000",52.9,1/4,동향,37.565089,126.923774,902,17,1,3,0,19,58,71,24,29,258
577,577,월세,200,"2,400",10.0,3/4,남동향,37.561169,126.926094,1465,15,1,4,1,35,73,94,38,43,209
578,578,월세,150,"1,800",6.4,4/4,남동향,37.561169,126.926094,1465,15,1,4,1,35,73,94,38,43,209
579,579,월세,320,"5,000",28.7,2/3,동향,37.56485,126.92331,909,18,1,3,0,21,62,74,24,32,267
580,580,월세,190,"3,500",14.8,1/5,북동향,37.561109,126.920106,919,30,1,6,0,35,44,59,26,37,158
581,581,월세,470,"6,500",28.7,B1/3,동향,37.56485,126.92331,909,18,1,3,0,21,62,74,24,32,267
582,582,월세,250,"4,000",23.3,2/4,남서향,37.562116,126.925874,1140,13,1,3,0,32,77,100,35,40,238
583,583,월세,120,"2,000",6.4,1/5,남동향,37.563944,126.92455,943,15,1,3,0,28,71,90,29,37,266
584,584,월세,120,"2,000",6.4,1/4,동향,37.562053,126.921427,1052,23,1,3,0,35,78,103,40,47,284
585,585,월세,250,"3,000",11.2,B1/4,남동향,37.561169,126.926094,1465,15,1,4,1,35,73,94,38,43,209
586,586,월세,470,"6,500",28.7,B1/3,서향,37.56485,126.92331,909,18,1,3,0,21,62,74,24,32,267
587,587,월세,350,"4,000",24.2,2/3,남서향,37.562925,126.926168,1305,12,1,2,0,27,70,96,31,39,240
588,588,월세,200,"3,000",13.9,2/4,남향,37.562937,126.925977,1302,12,1,2,0,27,71,98,31,39,243
589,589,월세,470,"6,500",28.7,1/3,,37.56485,126.92331,909,18,1,3,0,21,62,74,24,32,267
590,590,월세,700,1억,30.9,1/5,남향,37.563736,126.925642,1506,14,1,2,0,27,71,87,29,35,247
591,591,월세,130,"2,000",13.9,4/4,북서향,37.562257,126.925545,1153,12,1,3,0,32,77,100,35,43,248
592,592,월세,220,"3,000",24.8,2/4,북동향,37.559796,126.921363,1037,36,3,8,1,42,65,82,45,35,150
593,593,월세,250,"3,000",23.0,2/4,,37.562161,126.925222,1156,14,1,3,0,33,79,100,36,44,249
594,594,월세,"1,500",2억,97.7,1/4,남동향,37.561382,126.924111,1514,21,1,5,1,35,80,104,40,46,255
595,595,월세,350,"3,000",34.2,3/4,,37.562161,126.925222,1156,14,1,3,0,33,79,100,36,44,249
596,596,월세,"1,020","1억 2,000",105.0,1/5,북동향,37.564166,126.91916,964,24,0,3,0,5,17,20,5,23,159
597,597,월세,450,"5,000",39.9,1/5,북동향,37.564166,126.91916,964,24,0,3,0,5,17,20,5,23,159
598,598,월세,"1,550","2억 1,000",16.9,3/3,남서향,37.56485,126.92331,909,18,1,3,0,21,62,74,24,32,267
599,599,월세,230,"3,000",21.5,2/3,북향,37.561069,126.924555,1509,20,1,5,1,36,78,102,43,45,240
600,600,월세,150,"3,000",13.0,1/3,남향,37.566314,126.91697,904,20,0,4,1,1,3,9,3,7,53
601,601,월세,260,"4,000",24.5,B1/4,북동향,37.563093,126.925582,1338,13,1,2,0,27,71,97,31,39,246
602,602,월세,120,"1,000",6.7,1/3,남동향,37.562338,126.924051,1273,16,1,3,0,33,79,100,37,44,265
603,603,월세,170,"2,000",13.0,B1/2,서향,37.560927,126.924949,1600,18,1,5,1,37,76,99,43,46,224
604,604,월세,186,"3,000",5.7,1/2,북동향,37.562159,126.926715,1420,11,1,3,0,28,72,96,33,35,217
605,605,월세,160,"2,500",8.5,3/3,남향,37.562103,126.926197,1140,12,1,3,0,31,75,98,35,40,231
606,606,월세,400,"5,000",22.7,1/3,북동향,37.562528,126.924938,1161,15,1,3,0,33,78,100,36,43,258
607,607,월세,210,"3,000",8.8,B1/2,북동향,37.561905,126.924974,1140,17,1,3,0,33,78,101,37,44,249
608,608,월세,300,"4,000",11.5,1/4,북향,37.561941,126.925084,1239,16,1,3,0,33,78,101,37,44,249
609,609,월세,200,"3,000",14.8,1/6,동향,37.566864,126.917161,1183,16,0,3,1,1,2,7,3,6,47
610,610,월세,230,"3,500",16.9,3/3,동향,37.56485,126.92331,909,18,1,3,0,21,62,74,24,32,267
611,611,월세,320,"5,000",28.7,2/3,동향,37.56485,126.92331,909,18,1,3,0,21,62,74,24,32,267
612,612,월세,"1,100",1억,62.0,1/5,남향,37.563736,126.925642,1506,14,1,2,0,27,71,87,29,35,247
613,613,월세,430,"6,000",28.7,1/3,동향,37.56485,126.92331,909,18,1,3,0,21,62,74,24,32,267
614,614,월세,900,"9,000",69.6,B1/5,남향,37.563736,126.925642,1506,14,1,2,0,27,71,87,29,35,247
615,615,월세,470,"6,500",28.7,B1/3,동향,37.56485,126.92331,909,18,1,3,0,21,62,74,24,32,267
616,616,월세,200,"2,000",29.3,2/4,남동향,37.559796,126.921363,1037,36,3,8,1,42,65,82,45,35,150
617,617,월세,300,"3,000",13.0,1/5,북서향,37.561654,126.92627,1139,13,1,3,0,32,73,99,36,40,223
618,618,월세,150,"3,000",12.4,1/3,동향,37.566314,126.91697,904,20,0,4,1,1,3,9,3,7,53
619,619,월세,170,"2,500",10.0,1/2,남향,37.562117,126.926043,1140,14,1,3,0,31,76,98,35,40,233
620,620,월세,230,"3,000",23.9,1/5,남동향,37.560504,126.921764,1038,34,1,8,1,39,73,97,41,47,214
621,621,월세,150,"2,000",7.3,4/4,동향,37.564639,126.924998,1305,14,1,3,0,20,63,80,26,30,255
622,622,월세,200,"2,000",7.9,3/4,동향,37.564639,126.924998,1305,14,1,3,0,20,63,80,26,30,255
623,623,월세,88,"1,500",6.0,1/2,북동향,37.561338,126.922433,1242,24,1,4,0,38,83,104,40,47,273
624,624,월세,430,"5,000",17.8,2/4,동향,37.564639,126.924998,1305,14,1,3,0,20,63,80,26,30,255
625,625,월세,75,500,14.5,B1/5,북서향,37.562633,126.920506,982,26,1,3,0,32,57,72,28,29,247
626,626,월세,430,"5,000",14.2,1/4,동향,37.564639,126.924998,1305,14,1,3,0,20,63,80,26,30,255
627,627,월세,450,"5,000",15.1,B1/4,동향,37.564639,126.924998,1305,14,1,3,0,20,63,80,26,30,255
628,628,월세,500,"7,000",34.8,1/5,동향,37.565563,126.92397,879,15,0,3,0,15,50,61,20,26,242
629,629,월세,150,"2,500",11.5,2/3,동향,37.561803,126.926469,1378,12,1,3,0,30,71,98,36,38,221
630,630,월세,470,"6,500",28.7,B1/3,남동향,37.56485,126.92331,909,18,1,3,0,21,62,74,24,32,267
631,631,월세,230,"3,500",16.9,3/3,동향,37.56485,126.92331,909,18,1,3,0,21,62,74,24,32,267
632,632,월세,75,500,14.5,B1/5,북서향,37.562633,126.920506,982,26,1,3,0,32,57,72,28,29,247
633,633,월세,430,"6,000",28.7,1/3,동향,37.56485,126.92331,909,18,1,3,0,21,62,74,24,32,267
634,634,월세,210,"2,500",13.0,2/2,동향,37.566297,126.920844,906,15,0,3,0,2,11,17,2,15,135
635,635,월세,180,"3,000",16.9,2/5,남서향,37.562637,126.925044,1417,15,1,3,0,33,78,99,35,43,257
636,636,월세,400,"5,000",49.9,1/4,동향,37.565089,126.923774,902,17,1,3,0,19,58,71,24,29,258
637,637,월세,"1,600","1억 9,000",74.4,1/4,,37.564639,126.924998,1305,14,1,3,0,20,63,80,26,30,255
638,638,월세,150,"2,000",9.1,4/4,북서향,37.564639,126.924998,1305,14,1,3,0,20,63,80,26,30,255
639,639,월세,500,"6,500",28.7,B1/3,서향,37.56485,126.92331,909,18,1,3,0,21,62,74,24,32,267
640,640,월세,400,"5,000",49.9,1/4,북동향,37.565089,126.923774,902,17,1,3,0,19,58,71,24,29,258
641,641,월세,200,"2,000",14.8,1/4,북동향,37.560726,126.920469,953,31,1,6,0,37,56,68,33,37,156
642,642,월세,650,"7,000",44.5,2/3,북동향,37.562925,126.926168,1305,12,1,2,0,27,70,96,31,39,240
643,643,월세,350,"3,000",23.6,2/3,남향,37.560849,126.924547,1600,21,1,5,1,40,77,100,43,47,228
644,644,월세,210,"2,500",14.8,2/2,동향,37.566297,126.920844,906,15,0,3,0,2,11,17,2,15,135
645,645,월세,150,"3,000",18.8,B1/5,북동향,37.561615,126.922195,1155,21,1,5,0,36,82,101,40,47,278
646,646,월세,235,"3,000",16.3,1/2,남향,37.561053,126.924933,1509,19,1,5,1,37,78,101,42,45,235
647,647,월세,190,"4,000",29.3,B1/6,동향,37.565996,126.92091,966,18,0,3,0,4,13,19,6,18,150
648,648,월세,230,"3,000",15.1,B1/3,남동향,37.560609,126.925422,1302,17,2,4,1,41,74,95,45,47,207
649,649,월세,430,"5,000",18.1,1/4,,37.564639,126.924998,1305,14,1,3,0,20,63,80,26,30,255
650,650,월세,400,"5,000",52.9,1/4,북동향,37.565089,126.923774,902,17,1,3,0,19,58,71,24,29,258
651,651,월세,290,"4,000",15.7,1/3,북향,37.560935,126.924803,1600,20,1,5,1,37,76,100,43,47,230
652,652,월세,260,"3,000",22.4,2/4,북동향,37.562836,126.925819,1344,12,1,2,0,27,71,98,31,39,245
653,653,월세,210,"3,000",10.3,1/3,북서향,37.561856,126.926786,1019,12,1,2,0,29,71,96,32,37,206
654,654,월세,200,"2,000",8.5,3/4,북서향,37.564639,126.924998,1305,14,1,3,0,20,63,80,26,30,255
655,655,월세,170,"2,000",16.9,B1/2,북향,37.560927,126.924949,1600,18,1,5,1,37,76,99,43,46,224
656,656,월세,500,"7,000",34.8,1/5,남서향,37.565563,126.92397,879,15,0,3,0,15,50,61,20,26,242
657,657,월세,260,"3,000",15.1,B1/3,남향,37.56207,126.925007,1140,15,1,3,0,33,79,101,36,44,251
658,658,월세,250,"3,000",16.3,3/4,남서향,37.56634,126.919972,877,17,0,4,1,2,11,16,2,14,125
659,659,월세,400,"5,000",19.4,2/2,동향,37.562159,126.926715,1420,11,1,3,0,28,72,96,33,35,217
660,660,월세,250,"4,000",13.9,B1/2,동향,37.562159,126.926715,1420,11,1,3,0,28,72,96,33,35,217
661,661,월세,150,"3,000",7.9,3/3,동향,37.562159,126.926715,1420,11,1,3,0,28,72,96,33,35,217
662,662,월세,240,"3,000",10.9,2/4,남향,37.561743,126.925266,1238,16,1,4,0,33,78,101,37,43,243
663,663,월세,180,"3,000",10.9,2/3,,37.560579,126.923681,1416,21,2,5,1,45,79,99,51,46,228
664,664,월세,170,"2,000",18.5,B1/3,서향,37.565471,126.923667,906,15,1,3,0,16,51,61,20,25,243
665,665,월세,109,"1,000",17.8,1/3,동향,37.561578,126.919992,913,30,1,5,0,32,39,54,23,32,174
666,666,월세,150,"2,500",12.7,2/3,동향,37.561803,126.926469,1378,12,1,3,0,30,71,98,36,38,221
667,667,월세,"1,500",2억,84.7,1/4,동향,37.561382,126.924111,1514,21,1,5,1,35,80,104,40,46,255
668,668,월세,280,"4,000",14.8,B1/4,북동향,37.562458,126.925371,1153,13,1,3,0,32,78,100,35,43,254
669,669,월세,500,"5,000",13.6,1/5,북향,37.562597,126.924846,1466,16,1,3,0,33,78,99,36,43,259
670,670,월세,240,"4,000",14.8,B1/4,동향,37.562458,126.925371,1153,13,1,3,0,32,78,100,35,43,254
671,671,월세,500,"8,000",39.9,1/4,남향,37.566326,126.920359,898,17,0,3,1,2,11,16,2,14,127
672,672,월세,250,"3,000",8.8,3/3,동향,37.561803,126.926469,1378,12,1,3,0,30,71,98,36,38,221
673,673,월세,490,"6,000",25.7,1/2,동향,37.561803,126.926469,1378,12,1,3,0,30,71,98,36,38,221
674,674,월세,490,"6,000",25.7,B1/2,동향,37.561803,126.926469,1378,12,1,3,0,30,71,98,36,38,221
675,675,월세,250,"3,000",9.7,3/3,동향,37.561803,126.926469,1378,12,1,3,0,30,71,98,36,38,221
676,676,월세,490,"6,000",28.1,B1/3,동향,37.561803,126.926469,1378,12,1,3,0,30,71,98,36,38,221
677,677,월세,490,"6,000",28.1,1/3,동향,37.561803,126.926469,1378,12,1,3,0,30,71,98,36,38,221
678,678,월세,200,"3,000",10.0,1/2,동향,37.560965,126.925299,1136,18,1,5,1,36,76,98,42,44,221
679,679,월세,200,"3,000",10.3,1/2,동향,37.560965,126.925299,1136,18,1,5,1,36,76,98,42,44,221
680,680,월세,500,"7,000",28.1,B1/3,서향,37.561803,126.926469,1378,12,1,3,0,30,71,98,36,38,221
681,681,월세,400,"5,000",39.9,B1/5,남서향,37.564409,126.921286,1141,21,1,3,0,19,50,57,17,26,244
682,682,월세,280,"2,000",22.4,1/5,남향,37.560154,126.919052,966,31,1,5,0,26,27,27,21,25,80
683,683,월세,300,"4,500",35.1,2/2,남동향,37.564302,126.922649,975,18,1,3,0,23,65,79,25,34,281
684,684,월세,70,"2,000",7.0,3/3,북동향,37.566235,126.916872,904,21,0,4,1,2,3,8,3,8,51
685,685,월세,290,"3,000",11.8,1/4,남서향,37.561743,126.925266,1238,16,1,4,0,33,78,101,37,43,243
686,686,월세,75,"2,000",7.9,2/3,북동향,37.566235,126.916872,904,21,0,4,1,2,3,8,3,8,51
687,687,월세,170,"2,000",14.8,1/2,동향,37.559379,126.918473,1225,33,1,5,0,24,24,17,23,21,57
688,688,월세,190,"2,000",14.8,1/4,남동향,37.562124,126.918253,843,29,0,3,0,8,13,12,8,20,108
689,689,월세,200,"3,000",14.2,2/4,남동향,37.562937,126.925977,1302,12,1,2,0,27,71,98,31,39,243
690,690,월세,105,"5,000",24.8,3/3,동향,37.562092,126.927121,1087,10,1,1,0,28,67,94,31,35,199
691,691,월세,120,"1,000",6.7,1/5,,37.562338,126.924051,1273,16,1,3,0,33,79,100,37,44,265
692,692,월세,230,"3,000",21.5,2/3,,37.561069,126.924555,1509,20,1,5,1,36,78,102,43,45,240
693,693,월세,180,"2,500",12.7,2/2,남동향,37.561803,126.926469,1378,12,1,3,0,30,71,98,36,38,221
694,694,월세,185,"2,000",12.7,B1/2,북동향,37.561334,126.922149,1239,25,1,5,0,39,82,105,40,46,265
695,695,매매,,"5억 9,000",8.8,1/5,동향,37.565921,126.917299,857,24,0,5,1,3,5,10,1,9,65
696,696,월세,167,"1,000",16.0,1/3,남서향,37.561264,126.920281,902,29,1,5,0,34,50,66,27,36,179
697,697,월세,600,1억,33.3,1/5,동향,37.559813,126.920612,958,39,2,8,0,37,52,62,33,35,122
698,698,월세,180,"3,000",10.0,2/3,서향,37.560579,126.923681,1416,21,2,5,1,45,79,99,51,46,228
699,699,월세,250,"3,000",15.7,1/4,동향,37.564018,126.920283,1702,21,1,3,0,15,33,39,12,26,210
700,700,월세,350,"5,000",24.8,1/4,남동향,37.56554,126.923336,907,16,0,3,0,16,47,55,20,25,229
701,701,월세,260,"4,000",24.5,B1/4,동향,37.563093,126.925582,1338,13,1,2,0,27,71,97,31,39,246
702,702,월세,130,"2,000",14.8,2/4,남동향,37.562449,126.92466,1533,16,1,3,0,33,78,100,36,44,260
703,703,월세,230,"3,000",13.6,1/5,동향,37.560504,126.921764,1038,34,1,8,1,39,73,97,41,47,214
704,704,월세,300,"4,500",33.0,2/4,동향,37.564227,126.922549,975,18,1,3,0,24,65,82,26,34,283
705,705,월세,"1,000",1억,103.2,B1/4,동향,37.558704,126.918276,1710,42,2,4,0,21,24,19,23,18,45
706,706,월세,300,"3,000",20.3,3/3,동향,37.562925,126.926168,1305,12,1,2,0,27,70,96,31,39,240
707,707,월세,350,"4,000",24.2,2/3,동향,37.562925,126.926168,1305,12,1,2,0,27,70,96,31,39,240
708,708,월세,430,"4,000",34.8,3/5,남동향,37.563392,126.925273,1319,14,1,2,0,27,72,93,31,38,251
709,709,월세,480,"4,000",34.8,2/5,남동향,37.563392,126.925273,1319,14,1,2,0,27,72,93,31,38,251
710,710,월세,250,"3,000",29.9,5/5,남동향,37.563392,126.925273,1319,14,1,2,0,27,72,93,31,38,251
711,711,월세,220,"3,000",13.9,1/2,동향,37.56285,126.926052,1302,12,1,2,0,27,71,98,31,39,240
712,712,월세,200,"2,000",19.1,3/4,북동향,37.563009,126.925659,1550,13,1,2,0,27,71,97,31,39,246
713,713,월세,"1,000",1억,104.1,B1/4,남서향,37.558704,126.918276,1710,42,2,4,0,21,24,19,23,18,45
714,714,월세,230,"3,000",11.2,1/3,남서향,37.561856,126.926786,1019,12,1,2,0,29,71,96,32,37,206
715,715,월세,230,"3,000",11.2,1/3,동향,37.561856,126.926786,1019,12,1,2,0,29,71,96,32,37,206
716,716,월세,"1,500",2억,97.7,1/4,동향,37.561382,126.924111,1514,21,1,5,1,35,80,104,40,46,255
717,717,월세,120,"2,000",10.6,1/3,서향,37.566555,126.917098,892,18,0,4,1,1,3,8,3,6,50
718,718,월세,190,"3,500",10.9,1/5,동향,37.561109,126.920106,919,30,1,6,0,35,44,59,26,37,158
719,719,월세,140,"2,000",10.9,1/5,,37.561749,126.92487,1319,18,1,4,0,33,78,102,38,44,248
720,720,월세,220,"4,000",10.0,B1/2,북서향,37.561905,126.924974,1140,17,1,3,0,33,78,101,37,44,249
721,721,월세,210,"3,000",9.1,B1/2,북서향,37.561905,126.924974,1140,17,1,3,0,33,78,101,37,44,249
722,722,월세,270,"3,500",23.6,B1/4,북서향,37.560639,126.924758,1448,21,2,4,1,41,76,96,47,46,215
723,723,월세,"2,400",3억,174.5,1/5,남동향,37.563736,126.925642,1506,14,1,2,0,27,71,87,29,35,247
724,724,월세,300,"4,000",23.3,1/4,북향,37.561941,126.925084,1239,16,1,3,0,33,78,101,37,44,249
725,725,월세,260,"3,000",24.8,3/3,서향,37.564368,126.917065,871,32,0,5,1,4,6,10,2,13,78
726,726,월세,140,"3,000",15.4,1/2,남서향,37.565271,126.924641,910,15,1,3,0,19,55,71,23,27,248
727,727,월세,110,"1,500",10.9,B1/2,서향,37.564368,126.917065,871,32,0,5,1,4,6,10,2,13,78
728,728,월세,100,"1,500",10.0,B1/2,서향,37.564368,126.917065,871,32,0,5,1,4,6,10,2,13,78
729,729,매매,,"4억 7,000",6.0,1/5,남동향,37.565921,126.917299,857,24,0,5,1,3,5,10,1,9,65
730,730,매매,,"5억 9,000",8.8,1/5,남동향,37.565921,126.917299,857,24,0,5,1,3,5,10,1,9,65
731,731,월세,120,"2,000",9.1,1/4,서향,37.562053,126.921427,1052,23,1,3,0,35,78,103,40,47,284
732,732,월세,120,"1,000",6.7,1/5,남향,37.562338,126.924051,1273,16,1,3,0,33,79,100,37,44,265
733,733,월세,260,"3,000",15.1,B1/3,남향,37.56207,126.925007,1140,15,1,3,0,33,79,101,36,44,251
734,734,월세,550,"5,000",19.1,1/1,서향,37.562191,126.926056,1290,12,1,3,0,31,76,98,35,40,236
735,735,월세,550,"8,000",60.5,B1/2,북서향,37.562351,126.92548,1153,12,1,3,0,32,78,100,35,43,250
736,736,월세,350,"3,000",18.5,B1/3,남서향,37.562278,126.925378,1153,12,1,3,0,32,78,100,36,44,250
737,737,월세,300,"4,000",19.4,2/4,남서향,37.564674,126.922729,969,19,1,3,0,22,62,75,23,32,277
738,738,월세,70,"2,000",7.0,3/3,남향,37.566235,126.916872,904,21,0,4,1,2,3,8,3,8,51
739,739,월세,350,"3,000",18.5,B1/3,서향,37.562278,126.925378,1153,12,1,3,0,32,78,100,36,44,250
740,740,월세,350,"4,000",10.0,1/4,남서향,37.561169,126.926094,1465,15,1,4,1,35,73,94,38,43,209
741,741,월세,170,"2,000",15.1,B1/2,남향,37.56285,126.926052,1302,12,1,2,0,27,71,98,31,39,240
742,742,월세,900,1억,71.4,4/7,남동향,37.560966,126.924026,1252,20,1,5,1,37,80,104,43,45,244
743,743,월세,290,"4,000",20.6,1/3,동향,37.560935,126.924803,1600,20,1,5,1,37,76,100,43,47,230
744,744,월세,450,"5,000",23.0,1/5,북동향,37.56661,126.918006,1068,17,0,4,1,1,7,12,2,7,75
745,745,월세,"1,600",2억,84.4,B1/3,남동향,37.561803,126.926469,1378,12,1,3,0,30,71,98,36,38,221
746,746,월세,300,"3,000",20.3,3/3,동향,37.562925,126.926168,1305,12,1,2,0,27,70,96,31,39,240
747,747,월세,100,"1,500",10.0,B1/3,남향,37.564368,126.917065,871,32,0,5,1,4,6,10,2,13,78
748,748,월세,810,"9,600",25.1,1/3,남서향,37.56162,126.925672,1176,16,1,4,1,32,78,100,38,44,237
749,749,월세,330,"5,000",55.1,B1/5,북서향,37.564448,126.924022,1179,17,1,3,0,21,64,85,27,33,267
750,750,월세,230,"3,000",14.8,1/5,남동향,37.560504,126.921764,1038,34,1,8,1,39,73,97,41,47,214
751,751,월세,130,"2,000",13.9,4/4,북동향,37.562257,126.925545,1153,12,1,3,0,32,77,100,35,43,248
752,752,월세,330,"5,000",24.5,4/5,북서향,37.56171,126.924689,1319,19,1,4,0,34,78,103,39,45,251
753,753,월세,190,"3,500",11.8,1/5,북동향,37.561109,126.920106,919,30,1,6,0,35,44,59,26,37,158
754,754,월세,260,"3,000",15.1,B1/3,동향,37.56207,126.925007,1140,15,1,3,0,33,79,101,36,44,251
755,755,월세,170,"3,000",10.0,B1/2,북향,37.561925,126.925291,1238,14,1,3,0,33,78,101,37,44,246
756,756,월세,120,"2,000",7.9,1/4,남서향,37.562053,126.921427,1052,23,1,3,0,35,78,103,40,47,284
757,757,월세,160,"2,500",11.2,4/4,남동향,37.561852,126.92462,1240,19,1,4,0,33,79,101,38,44,251
758,758,월세,350,"4,000",34.5,B1/4,남동향,37.561072,126.924097,1509,21,1,5,1,36,80,103,41,45,244
759,759,월세,300,"3,000",24.8,2/2,남동향,37.56563,126.921497,998,18,0,3,0,11,27,32,12,23,187
760,760,월세,260,"3,000",22.4,2/4,동향,37.562836,126.925819,1344,12,1,2,0,27,71,98,31,39,245
761,761,월세,750,1억,29.9,1/6,남동향,37.562574,126.926563,1497,10,1,3,0,27,68,97,31,36,225
762,762,월세,200,"3,000",12.1,1/4,동향,37.56432,126.925137,1033,14,1,2,0,20,65,80,27,34,253
763,763,월세,250,"3,000",19.7,1/4,동향,37.564018,126.920283,1702,21,1,3,0,15,33,39,12,26,210
