,ARS-ID,정류소명,X좌표,Y좌표
0,14001,마포역,126.9479619,37.54090036
1,14002,마포역,126.9467854,37.54027718
2,14003,공덕역,126.9509046,37.54360491
3,14004,공덕역,126.9513544,37.54450168
4,14005,아현동주민센터,126.9529071,37.54636488
5,14006,아현동주민센터,126.9532416,37.54707778
6,14007,마포경찰서,126.9552123,37.55019993
7,14008,마포경찰서,126.9553048,37.55077036
8,14009,아현초등학교,126.9571002,37.55407804
9,14010,아현초등학교,126.9573351,37.55489813
10,14011,합정역,126.9128324,37.54887417
11,14012,합정역,126.9139972,37.54968151
12,14013,서교동,126.9195816,37.55363674
13,14014,서교동,126.9202363,37.55424903
14,14015,홍대입구역,126.923196,37.55637342
15,14016,홍대입구역,126.9245894,37.5574769
16,14061,동교동삼거리,126.9284588,37.55805962
17,14062,신촌오거리.현대백화점,126.9358931,37.55539665
18,14063,신촌오거리.2호선신촌역,126.9401438,37.55606569
19,14064,이대역,126.9445938,37.55661302
20,14067,웨딩타운,126.951517,37.557092
21,14068,아현역,126.9547468,37.55729844
22,14100,아현동가구단지,126.960763,37.55805314
23,14101,마포구청.성산자동차검사소,126.9024231,37.56495385
24,14102,마포구청,126.9018904,37.5649024
25,14103,마포농수산물시장.월드컵공원,126.8967728,37.5661424
26,14104,월드컵경기장남측.월드컵공원,126.8961845,37.56672128
27,14105,월드컵경기장서측.문화비축기지,126.8954678,37.5692365
28,14106,월드컵경기장서측.문화비축기지,126.8949636,37.56949827
29,14107,월드컵파크3단지.난지천공원,126.8880931,37.5733297
30,14108,월드컵파크3단지.난지천공원,126.8881294,37.57252687
31,14109,서부면허시험장,126.8804372,37.57788262
32,14110,서부면허시험장,126.8802387,37.57740124
33,14111,DMC첨단산업센터,126.8853566,37.58524219
34,14112,DMC첨단산업센터,126.884787,37.585598
35,14115,월드컵공원입구.문화비축기지입구,126.892748,37.568523
36,14116,월드컵파크3단지정문,126.889228,37.573822
37,14117,월드컵파크2단지.에스플렉스센터,126.890647,37.575267
38,14118,월드컵파크2단지.에스플렉스센터,126.890291,37.5753385
39,14119,합정역,126.9143006,37.5485905
40,14120,합정역,126.9146252,37.54879709
41,14121,서울화력발전소입구,126.9175062,37.54818909
42,14122,서울화력발전소입구,126.9174453,37.54793674
43,14123,상수역,126.9212936,37.5476339
44,14124,상수역,126.9215638,37.54787377
45,14125,서강초등학교,126.9257468,37.54776564
46,14126,서강초등학교,126.9261941,37.54749109
47,14127,광흥창역,126.930541,37.54760906
48,14128,광흥창역,126.9305842,37.54735228
49,14129,광흥창역,126.9340214,37.54721007
50,14130,마포세무서,126.9390917,37.5469713
51,14131,중앙잔디광장,126.879226,37.5663188
52,14132,마포역,126.9457368,37.53970901
53,14133,노을공원입구(난지미술창작스튜디오),126.8806949,37.56940636
54,14134,공덕역10번출구,126.9531186,37.54194684
55,14135,공덕역10번출구,126.952932,37.54175
56,14136,난지천공원다목적구장,126.883467,37.57418404
57,14137,난지천공원,126.8860554,37.57396933
58,14138,월드컵경기장역,126.9001971,37.56952624
59,14139,마포구청.농수산물시장,126.8995834,37.56629891
60,14140,난지천공원다목적구장,126.8827495,37.57390901
61,14141,공덕역.공덕시장,126.9531346,37.54441319
62,14142,공덕시장,126.9539971,37.54429459
63,14143,신덕성결교회,126.9566906,37.54594101
64,14144,신덕성결교회,126.9563172,37.54598683
65,14145,한겨레신문사,126.9588159,37.54814675
66,14146,한겨레신문사,126.9590887,37.54800627
67,14147,노을공원입구(난지미술창작스튜디오),126.8803047,37.56958671
68,14148,난지한강공원(야구장),126.8760931,37.56851799
69,14149,공덕오거리,126.9531626,37.54307327
70,14150,공덕오거리,126.9529489,37.54284792
71,14151,용마루고개.신공덕삼성아파트,126.955885,37.541871
72,14152,서울대동창회관,126.9507441,37.54244496
73,14153,공덕역,126.9514298,37.54347807
74,14154,도화동현대아파트,126.9557015,37.54033222
75,14155,도화동현대아파트,126.9558315,37.54045031
76,14156,중동초등학교,126.9104195,37.56687261
77,14157,중동초등학교,126.9103077,37.56662202
78,14158,성산2동주민센터,126.9083263,37.56779282
79,14159,성산2동주민센터,126.908437,37.56800376
80,14160,성산119안전센터,126.9038567,37.56986178
81,14161,성산119안전센터,126.9035602,37.56973809
82,14162,성산아파트,126.9014985,37.57159714
83,14163,성산아파트,126.901525,37.57125745
84,14164,상암휴먼시아아파트,126.8962007,37.57504422
85,14165,상암휴먼시아아파트,126.895379,37.57523679
86,14166,상암초등학교,126.8932805,37.57647391
87,14167,상암초등학교,126.8934931,37.57663449
88,14168,신촌로터리,126.9368825,37.55380945
89,14169,신촌로터리,126.9372676,37.55352401
90,14170,서강대학교,126.93797,37.5511
91,14171,서강대학교,126.9373154,37.55182728
92,14172,광성중고등학교,126.9386715,37.54935481
93,14173,광성중고등학교,126.93986,37.548952
94,14174,대흥역,126.9409887,37.54810675
95,14175,대흥역,126.9429743,37.54753823
96,14176,용강초등학교,126.9435145,37.54697711
97,14177,동도중학교.서울디자인고등학교,126.9454015,37.54647789
98,14178,동도중학교.서울디자인고등학교,126.946571,37.54575394
99,14179,공덕역2번출구,126.9481818,37.54534335
100,14180,공덕역1번출구,126.9493208,37.54443234
101,14181,서서울농협홍대역점,126.91986,37.556405
102,14182,동교로사거리,126.9209476,37.55584624
103,14184,성산동,126.9067023,37.56476027
104,14185,성산2교,126.9124647,37.56423304
105,14186,성산2교,126.9132055,37.56386324
106,14187,성미약수터,126.915105,37.56179661
107,14188,성미약수터,126.9140662,37.56246357
108,14189,경성중고.홍대부속여중고입구,126.9158071,37.56055181
109,14190,경성중고.홍대부속여중고입구,126.916614,37.55965129
110,14191,경성중고.홍대부속여중고입구,126.917281,37.55940936
111,14192,서울도시가스마포사옥,126.9192505,37.55731118
112,14193,서울도시가스마포사옥,126.9182029,37.55787904
113,14194,마포구청역,126.9026626,37.56272775
114,14195,마포구청역,126.9022263,37.56224531
115,14196,마포중앙도서관,126.9067285,37.56367628
116,14197,마포중앙도서관,126.907457,37.564253
117,14198,성산2교,126.9132319,37.56549514
118,14199,성산2교,126.9126441,37.56569295
119,14200,광흥창역.서강동주민센터,126.9319143,37.54827848
120,14201,광흥창역.서강동주민센터,126.9313858,37.54859595
121,14202,창전현대홈타운,126.9326512,37.550665
122,14203,창전현대홈타운,126.9321995,37.5507125
123,14204,신촌로터리,126.9348326,37.55402911
124,14205,신촌로터리,126.9356826,37.5540512
125,14207,이화여대입구,126.9447875,37.55648966
126,14208,이화여대입구,126.9457319,37.5559161
127,14209,이화여대입구,126.9460206,37.55579909
128,14210,대흥교회,126.9457581,37.55404995
129,14211,대흥교회,126.9460582,37.55378877
130,14212,서강대학교후문,126.9439465,37.55049519
131,14213,마포자이2차아파트.대흥역,126.942535,37.548758
132,14215,굴레방다리.아현역,126.9574606,37.55715181
133,14216,양화진성지공원입구,126.9122481,37.54865754
134,14217,홍대입구,126.920576,37.5546534
135,14218,홀트아동복지회,126.9121781,37.54901065
136,14219,합정역,126.9156095,37.55106044
137,14220,합정역,126.9153072,37.5502177
138,14224,홍대입구역,126.9231281,37.55666423
139,14225,홍대입구역,126.9226012,37.5557706
140,14226,연남동,126.927541,37.56252217
141,14228,신촌역,126.934761,37.55563752
142,14230,극동방송,126.9231512,37.5494238
143,14231,극동방송,126.9229225,37.54942905
144,14232,홍익대학교,126.9238048,37.55219058
145,14233,홍익대학교,126.9246414,37.55307059
146,14234,산울림소극장,126.9298078,37.55437031
147,14235,산울림소극장,126.9301572,37.55495817
148,14236,신수중학교,126.9326481,37.54524221
149,14237,신수중학교,126.9327521,37.545436
150,14238,래미안웰스트림아파트,126.9362365,37.54423137
151,14239,한국출판콘텐츠센터,126.935409,37.5446548
152,14240,용강동주민센터,126.9404187,37.54191773
153,14241,용강동주민센터,126.9411794,37.54170996
154,14242,용강동입구,126.9441051,37.53963255
155,14243,마포대교입구,126.9439921,37.53940813
156,14244,메세나폴리스,126.9129434,37.55076745
157,14245,마포한강푸르지오,126.912592,37.550787
158,14246,성산초등학교입구,126.9118677,37.55313023
159,14247,성산초등학교입구,126.912262,37.553218
160,14248,기업은행서교동지점(최규하대통령가옥),126.9114639,37.55479154
161,14249,기업은행서교동지점(최규하대통령가옥),126.9108956,37.55486951
162,14250,망원시장.망원동월드컵시장입구,126.9085178,37.55752051
163,14251,망원시장.망원동월드컵시장입구,126.9089433,37.55759113
164,14252,마포구청역입구,126.9063647,37.56042755
165,14253,마포구청역입구,126.9057249,37.56059465
166,14254,성서초등학교,126.9114976,37.55880324
167,14255,성서초등학교,126.9111731,37.55851374
168,14256,새서울의원,126.9072377,37.55109381
169,14257,미원아파트입구,126.9032162,37.55912293
170,14258,미원아파트입구,126.9033226,37.55916537
171,14259,망원2동주민센터,126.9030951,37.56000591
172,14260,망원2동주민센터,126.9029286,37.56008056
173,14261,청기와빌라,126.9041074,37.56060866
174,14262,청기와빌라,126.9047513,37.56076057
175,14263,망원정입구,126.9069936,37.55259394
176,14264,성산초등학교,126.9100992,37.55359386
177,14265,서서울농협,126.9062208,37.55331691
178,14266,서서울농협,126.9060056,37.55340865
179,14267,망원1동주민센터,126.9048936,37.55562355
180,14268,망원1동주민센터,126.9051055,37.5554408
181,14269,동교초등학교,126.9043033,37.55802046
182,14270,동교초등학교,126.9040871,37.55789095
183,14271,월드컵파크7단지,126.8784199,37.58114971
184,14272,월드컵파크7단지,126.878963,37.581876
185,14273,월드컵경기장북측,126.8993188,37.57280186
186,14274,월드컵경기장북측,126.898104,37.573967
187,14275,경성중고.홍대부속여중고입구,126.9156529,37.5597317
188,14283,삼진제약,126.9270722,37.55340912
189,14284,홍대입구역사거리,126.9220783,37.55483957
190,14286,상암DMC홍보관.YTN,126.891323,37.577985
191,14287,상암DMC홍보관.YTN,126.8912876,37.57746059
192,14288,월드컵파크5단지.상암중고등학교입구,126.886335,37.580921
193,14289,월드컵파크5단지,126.8865178,37.58033328
194,14290,상암DMC입구,126.8826124,37.58343101
195,14291,상암고등학교,126.8840462,37.58177983
196,14292,월드컵파크3단지후문,126.889762,37.571242
197,14293,마포아트센터,126.9439378,37.54992028
198,14294,월드컵파크4단지,126.88981,37.57829993
199,14295,월드컵파크4단지후문.JTBC,126.8900683,37.57738557
200,14296,디지털미디어시티역2번출구,126.8996741,37.57520782
201,14306,월드컵파크4단지후문.JTBC,126.8900281,37.57780994
202,14307,누리꿈스퀘어.MBC,126.889637,37.578988
203,14308,월드메르디앙아파트,126.9234284,37.54507349
204,14309,월드메르디앙아파트,126.924291,37.54480912
205,14310,한강밤섬자이아파트,126.9277927,37.54573584
206,14311,한강밤섬자이아파트,126.9277295,37.54554928
207,14312,서강해모로아파트,126.9294971,37.54568641
208,14313,서강해모로아파트,126.9296149,37.54549455
209,14314,서교동주민센터.마포신문사,126.9163533,37.55489152
210,14315,동교로사거리,126.9198284,37.55564455
211,14316,월드컵경기장북측,126.8980782,37.57348202
212,14317,강변한신코아,126.943956,37.53722164
213,14330,난지한강공원,126.878477,37.567732
214,14331,난지한강공원,126.875258,37.568751
215,14332,월드컵공원입구.문화비축기지입구,126.892749,37.568177
216,14333,디지털미디어시티역,126.9006314,37.57499713
217,14334,월드컵파크9.10.11.12단지,126.878833,37.58533
218,14335,월드컵파크9.10.11.12단지,126.8798243,37.58442751
219,14336,용마루고개.브라운스톤공덕아파트,126.95705,37.540992
220,14337,하늘초등학교,126.879658,37.585322
221,14338,월드컵파크10단지,126.8815891,37.58612515
222,14339,월드컵파크11.12단지,126.8808993,37.58627043
223,14340,수색교,126.8841306,37.58722159
224,14341,수색교,126.8839599,37.58708175
225,14342,가좌역1번출구,126.9152645,37.5682205
226,14343,가좌역,126.9153689,37.5678974
227,14344,디지털미디어시티역,126.9005264,37.57561249
228,14346,청구아파트.참누리아파트,126.9028582,37.57423215
229,14347,청구아파트.참누리아파트,126.9031032,37.57383317
230,14348,중동현대아파트,126.9072676,37.57168561
231,14349,중동현대아파트,126.9070708,37.57152056
232,14350,가좌행복주택.건영월드컵아파트,126.9123798,37.56929804
233,14351,가좌행복주택.건영월드컵아파트,126.911788,37.56931633
234,14352,월드컵아이파크,126.9134887,37.5666307
235,14353,월드컵아이파크,126.9136847,37.56647135
236,14354,DMC첨단산업센터,126.8867308,37.58402615
237,14355,DMC첨단산업센터,126.8866227,37.58361875
238,14356,SBS.YTN,126.8944828,37.57974505
239,14357,SBS.YTN,126.8940289,37.5796266
240,14358,공항철도디지털미디어시티역,126.8989059,37.57669692
241,14359,공항철도디지털미디어시티역,126.8980882,37.57694402
242,14360,디지털미디어시티역,126.9008712,37.57510366
243,14361,상암동주민센터앞,126.8939275,37.5784614
244,14362,MBC,126.8909503,37.58189405
245,14363,MBC,126.8908953,37.58165157
246,14490,난지천공원,126.8868466,37.57409264
247,14491,공덕시장,126.9541673,37.54438686
248,14492,마포16번종점,126.8988594,37.5608656
249,14493,서부면허시험장.월드컵파크8단지,126.8816816,37.57850743
250,14494,창전중앙하이츠아파트,126.9275632,37.55007756
251,14495,망원유수지.마포구민체육센터,126.8985925,37.55649687
252,14496,양화진성지,126.9119308,37.54564037
253,14497,홍대입구역,126.9236679,37.55732547
254,14498,홍대입구역,126.9235362,37.55763657
255,14499,아현전철역,126.956065,37.55689615
256,14500,샛별문방구.마포전철역,126.9476288,37.5398243
257,14501,청암대,126.9477584,37.53568922
258,14502,한겨레신문사,126.9589794,37.5471556
259,14503,동원데자뷰아파트,126.8992212,37.56033787
260,14505,창전삼성아파트109동,126.9302782,37.55024461
261,14506,홍대후문,126.9273675,37.55120613
262,14507,신촌수정탕,126.9375706,37.54979815
263,14508,태양빌딩,126.8993651,37.55606411
264,14509,난지천공원,126.8860527,37.57408838
265,14510,다운교회,126.9126608,37.54559586
266,14511,동교로사거리,126.9210303,37.55579133
267,14512,코오롱아파트106동앞,126.9231009,37.56090911
268,14513,가든호텔.삼성프라자,126.949368,37.54079491
269,14514,우성아파트3동,126.9475069,37.53616489
270,14515,대상아파트,126.899642,37.55974261
271,14517,창전삼성아파트107동,126.9309953,37.55073162
272,14518,서강유치원,126.927995,37.55191207
273,14519,삼익아파트입구,126.9356035,37.54990702
274,14520,용약국,126.9367688,37.55443385
275,14521,월드컵파크3단지,126.8880659,37.57257997
276,14522,한이맨션,126.9141581,37.54551586
277,14524,코오롱아파트104동앞,126.9219754,37.56229335
278,14525,돼지슈퍼,126.9614846,37.55692161
279,14527,하나님의교회,126.9600539,37.5462756
280,14528,신부파스카아파트,126.9003564,37.55875742
281,14530,창전삼성아파트104동,126.9315847,37.55107709
282,14531,유관순무용원,126.9290988,37.55273544
283,14532,신수경남아파트,126.9336172,37.55001045
284,14534,성원아파트,126.901618,37.55653457
285,14536,서일빌딩,126.9159826,37.54541625
286,14537,청원빌딩,126.918165,37.55841517
287,14538,코오롱아파트사거리,126.9213939,37.56303456
288,14539,신일약국,126.9625988,37.55601006
289,14540,아현실버복지관,126.9602156,37.55764126
290,14541,S마트,126.9475662,37.53868828
291,14542,동교초등학교,126.9014439,37.55722737
292,14544,창전삼성아파트입구,126.9324081,37.55162993
293,14545,와우공원입구,126.9300208,37.55318113
294,14546,마포소방서,126.9326945,37.5490809
295,14547,광흥창역.서강동주민센터,126.932547,37.54825181
296,14548,대흥역,126.9410725,37.54807164
297,14549,동교초등학교,126.9029521,37.55681141
298,14550,마포농수산물시장.월드컵경기장,126.8972676,37.56606894
299,14551,마포새빛문화숲,126.9179054,37.54528965
300,14552,경성고교입구,126.9166359,37.56011118
301,14553,대룡빌딩,126.9222717,37.56368213
302,14554,열린마트,126.9515801,37.54203638
303,14555,성원아파트,126.9015668,37.55671025
304,14556,한강공원입구,126.8992249,37.55622911
305,14557,금호태영아파트,126.9317249,37.55372008
306,14558,경의선책거리.산울림소극장,126.9303701,37.55492495
307,14559,신수동성당.신수동주민센터,126.9338505,37.54726044
308,14560,서강수협.신수중학교,126.93239,37.54531505
309,14561,용강초등학교,126.9432068,37.5471444
310,14562,하나은행망원동지점,126.9042806,37.55708913
311,14563,마포구청.마포구청역,126.9009459,37.56575039
312,14564,마포새빛문화숲후문,126.921036,37.54502866
313,14565,마포FM,126.9177139,37.56099649
314,14566,연남동주민센터,126.9230682,37.56408634
315,14567,도화현대1차아파트111동앞,126.9543656,37.54117514
316,14569,성원아파트,126.9371835,37.54717215
317,14570,한국출판콘텐츠센터,126.9354782,37.54458824
318,14571,서울여자중고등학교,126.9471496,37.54705538
319,14572,망원시장,126.9059847,37.55743923
320,14573,월드컵경기장역,126.9002903,37.56927041
321,14574,상수동,126.92305,37.54649067
322,14575,경성중고.홍익디자인고,126.9192591,37.56191397
323,14576,에덴지우아파트,126.9242178,37.5645908
324,14577,도화현대1차아파트,126.9554309,37.5404826
325,14579,망원유수지.마포구민체육센터,126.8990019,37.55590701
326,14582,마포세무서,126.9389468,37.54701628
327,14583,신수현대아파트.래미안웰스트림,126.936702,37.54371799
328,14584,염리삼성아파트,126.9475662,37.54848561
329,14585,망원역입구,126.9076978,37.55782498
330,14586,상수역,126.9230487,37.54728733
331,14587,코오롱아파트사거리,126.920851,37.56369831
332,14588,에덴맨션,126.9249462,37.56398392
333,14589,서부수도사업소,126.9598728,37.55680483
334,14590,화평교회,126.9011589,37.55443735
335,14591,신촌역,126.9348063,37.55562043
336,14592,굴다리시장,126.9414168,37.54627864
337,14593,신석초등학교,126.9386569,37.54316395
338,14594,일성여자중고등학교,126.9484113,37.54887345
339,14595,망원전철역,126.9098507,37.55603563
340,14596,상수두산아파트,126.924441,37.54754675
341,14597,경성중고후문,126.9202968,37.56437916
342,14598,하모니마트사거리,126.9253883,37.56336606
343,14599,만물사부동산,126.9607372,37.55534805
344,14600,하나님의교회,126.9553128,37.53933186
345,14601,MBC,126.8917373,37.57962812
346,14602,월드컵파크4단지,126.8877411,37.57780148
347,14603,상암중학교,126.8875406,37.57932414
348,14604,서울산업진흥원.국악방송,126.8890895,37.5808142
349,14605,우리기술사옥.한국지역정보개발원,126.8879858,37.58223778
350,14606,DMC빌,126.8855905,37.58238185
351,14607,우리금융상암센터.DMC빌,126.8854627,37.58191375
352,14608,도화현대1차아파트단지내,126.9548484,37.53994713
353,14610,상암고등학교,126.8825327,37.58097801
354,14611,상암월드컵파크6.7단지,126.8805398,37.58127348
355,14612,상암월드컵파크6.7단지,126.8806238,37.58105871
356,14613,상암고등학교,126.8836708,37.5806846
357,14614,스탠포드호텔,126.8861172,37.58242252
358,14615,스탠포드호텔,126.8856847,37.58245094
359,14616,월드컵파크6단지상가,126.8856639,37.57980675
360,14617,공덕역10번출구,126.9532849,37.54190643
361,14618,공덕역10번출구,126.9527968,37.54177032
362,14619,웨딩타운,126.951506,37.5568963
363,14620,상지초등학교,126.8814544,37.57972097
364,14622,아현전철역,126.9568347,37.55717411
365,14623,스탠포드호텔,126.8867297,37.58246906
366,14624,우리기술사옥.한국지역정보개발원,126.8878117,37.58202676
367,14625,전자회관,126.8886559,37.58080568
368,14626,상암중학교,126.8872133,37.57933049
369,14627,월드컵파크6단지,126.8873114,37.57817863
370,14628,YTN뉴스퀘어.CJE&M,126.8920591,37.57943739
371,14659,마포한강아이파크아파트,126.9041145,37.55242313
372,14661,중동초등학교,126.9101093,37.56682282
373,14662,대흥태영아파트,126.9430639,37.5457514
374,14663,용강동주민센터,126.9408173,37.54163769
375,14667,마포현대아파트,126.9491538,37.54877555
376,14669,성산초등학교,126.9123429,37.55422631
377,14670,서강초등학교,126.9262643,37.54749023
378,14671,경의선숲길공원입구,126.9190511,37.56589395
379,14672,대명아파트,126.9243117,37.56245057
380,14674,환일고등학교,126.9608191,37.55456232
381,14675,용산성당.현대홈타운,126.9531661,37.53760632
382,14676,가구단지,126.9607211,37.55802339
383,14677,하모니마트,126.905998,37.55228047
384,14678,성모병원사거리,126.9121224,37.56461395
385,14693,창전삼성아파트입구,126.9325189,37.55177868
386,14694,대흥세양아파트,126.944727,37.54484569
387,14700,아현1동경로당,126.9610258,37.55360566
388,14712,마포전철역,126.9445498,37.53961835
389,14713,공덕삼성3차아파트후문,126.951238,37.54915261
390,14714,고니빌딩,126.9140403,37.55451411
391,14715,서강쌍용아파트.광흥창역,126.9302872,37.54794592
392,14716,사천고가앞,126.9179122,37.56697087
393,14718,원효초등학교,126.9509197,37.53621232
394,14727,새서울의원,126.9070201,37.55125951
395,14738,창전삼성아파트104동,126.93149,37.55128247
396,14742,와우산로오거리,126.929964,37.55444232
397,14743,산울림포스트극장,126.9305964,37.55464535
398,14744,마포자이아파트,126.9460098,37.54410468
399,14745,성지빌딩,126.9457763,37.54147337
400,14746,엘지빌딩,126.953912,37.54833417
401,14747,서교동주민센터,126.9153507,37.55474033
402,14748,이랜드,126.9315366,37.54919918
403,14749,만리동고개,126.9622626,37.55161892
404,14750,한강타운.우성아파트16동앞,126.9495167,37.53593869
405,14753,공덕전철역,126.9526849,37.54328394
406,14754,남경장,126.9098198,37.54875837
407,14755,창전삼성아파트107동,126.930916,37.55084962
408,14756,와우공원입구,126.9297663,37.55332211
409,14757,염리초등학교,126.94676,37.54260289
410,14758,염리초등학교,126.9471368,37.54262649
411,14760,아현동주민센터,126.9531058,37.54711827
412,14761,우리은행서교동지점,126.9173478,37.55325944
413,14763,마포노인복지관,126.9323104,37.54952942
414,14764,공덕동주민센터,126.9602123,37.55054774
415,14765,청암대,126.9479213,37.5357713
416,14799,성서초등학교,126.9126082,37.55866259
417,14803,마포역,126.9471087,37.54074048
418,14804,창전어린이공원,126.9297205,37.55029643
419,14805,창전어린이공원,126.9293289,37.5502454
420,14808,창전삼성아파트109동,126.9302994,37.55048603
421,14809,유관순무용원,126.9289375,37.55287769
422,14810,중부여성발전센터,126.9451382,37.54121807
423,14812,재화스퀘어,126.9468983,37.54389603
424,14814,공덕전철역,126.9510177,37.54552068
425,14815,월드컵경기장입구,126.9028169,37.5624161
426,14816,월드컵경기장입구,126.9029579,37.56282351
427,14817,월드컵파크7단지,126.8804641,37.58225564
428,14818,월드컵파크7단지,126.8800983,37.58232915
429,14826,상암동입구,126.8994147,37.57378466
430,14827,상암동입구,126.8983845,37.5738247
431,14828,상암월드컵파크5단지,126.8866294,37.58070914
432,14829,상암월드컵파크5단지,126.8856985,37.58081998
433,14832,홍대입구역사거리,126.9209776,37.55452595
434,14833,창전현대홈타운,126.9327234,37.55087409
435,14834,삼우빌딩,126.957945,37.54921154
436,14835,합정역,126.9147926,37.54984878
437,14836,희성교회,126.9140807,37.55680382
438,14837,서강유치원,126.9278351,37.55208453
439,14838,마포전철역,126.9442692,37.53962092
440,14839,한국컴퓨터,126.9449341,37.54492869
441,14842,신촌연세병원.기업은행,126.9332204,37.55199173
442,14843,공덕동성당,126.9568867,37.54838123
443,14844,우리은행서교동지점,126.9175337,37.55194307
444,14845,서교동주민센터.마포신문사,126.9162481,37.55487253
445,14846,홍대후문,126.9271672,37.55129986
446,14848,대흥태영아파트,126.9430909,37.54595146
447,14849,동도중학교.서울디지인고등학교,126.9455045,37.54644639
448,14851,서부지원,126.9557826,37.54861422
449,14852,세븐일레븐,126.9559493,37.54036655
450,14853,동교로사거리,126.9198714,37.55565809
451,14855,신석초등학교,126.9388467,37.54342321
452,14856,굴다리시장,126.9417133,37.54638962
453,14858,서교동주민센터,126.9150521,37.55559976
454,14862,서교푸르지오아파트,126.9231792,37.55362727
455,14863,홍대입구역,126.9235275,37.55702474
456,14864,신수현대아파트.래미안웰스트림,126.9369441,37.54383346
457,14865,마포세무서,126.9390394,37.54729837
458,14866,대흥역사거리,126.9423208,37.5481047
459,14867,신촌역,126.9356328,37.55532442
460,14868,이대전철역,126.9447218,37.55649234
461,14869,마포경찰서,126.9554138,37.5502766
462,14870,도화현대1차아파트111동앞,126.9546582,37.54127904
463,14871,홍대정문,126.9238877,37.5529818
464,14872,동교로사거리,126.9197614,37.55586887
465,14873,한국출판콘텐츠센터,126.9355502,37.54474732
466,14874,신수세양아파트,126.9373248,37.54740921
467,14876,서교동교회,126.9192023,37.55166218
468,14877,애오개역,126.956534,37.55259464
469,14878,열린마트,126.9517597,37.54233427
470,14879,로데오거리,126.9214305,37.55081936
471,14880,서교동주민센터.마포신문사,126.9161415,37.55506619
472,14881,서강수협.신수중학교,126.9325019,37.54547551
473,14882,신수동성당.신수동주민센터,126.934707,37.54748258
474,14883,숭문중고등학교후문,126.9453442,37.55209168
475,14884,로데오거리,126.9214466,37.55064276
476,14886,가든호텔.삼성프라자,126.9491642,37.54095442
477,14887,희성교회,126.9142956,37.55687155
478,14888,광흥창역.서강동주민센터,126.9328324,37.54793659
479,14889,마포프레스티지자이아파트,126.9460687,37.5534761
480,14890,홍대정문,126.923651,37.55200396
481,14892,아현초등학교,126.9558572,37.55568701
482,14893,샛별문방구.마포전철역,126.9475548,37.54017596
483,14894,상지초등학교,126.8812657,37.57946937
484,14895,합정역,126.9149514,37.55058599
485,14896,성서초등학교,126.9128379,37.55868529
486,14897,마포소방서,126.9330793,37.55028498
487,14898,이대전철역,126.9460216,37.55591353
488,14899,홍대정문,126.9248315,37.55315091
489,14900,라사라패션직업전문학교,126.9295117,37.55412787
490,14901,사천고가앞,126.9174119,37.56691465
491,14902,S마트,126.9473463,37.53890309
492,14905,경성중고사거리,126.9161669,37.56064397
493,14906,서교푸르지오아파트,126.9233852,37.5537422
494,14907,경의선숲길공원입구,126.9190296,37.56551192
495,14908,우성아파트입구,126.947255,37.53797369
496,14910,성미약수터,126.9146652,37.5622973
497,14911,홍대입구,126.9224698,37.55453611
498,14912,공항철도.홍대입구역,126.9252621,37.55772216
499,14913,경성중고후문,126.920041,37.56436367
500,14914,우성아파트3동,126.9472392,37.53661613
501,14915,하모니마트,126.9061199,37.55252116
502,14916,성모병원사거리,126.9125265,37.56464399
503,14917,코오롱아파트사거리,126.9207392,37.5635054
504,14918,도화현대1차아파트,126.9553042,37.54045372
505,14919,마포한강아이파크아파트,126.9041742,37.55263854
506,14920,중동초등학교,126.9107017,37.56657456
507,14921,신한은행서교동금융센터점,126.918354,37.55738535
508,14922,경성중고.홍익디자인고,126.9194964,37.56228718
509,14923,망원1동파출소,126.902646,37.55368977
510,14924,대우미래사랑아파트,126.9169681,37.556741
511,14925,효성약국,126.9177091,37.56120824
512,14926,화평교회,126.9013092,37.55461589
513,14927,성산시영아파트,126.9036833,37.56997337
514,14928,한국해양전략연구소,126.9157158,37.55615891
515,14929,망원1동파출소,126.9028584,37.55334776
516,14930,망원유수지.마포구민체육센터,126.8992531,37.55598562
517,14932,서교동주민센터,126.9146083,37.55564539
518,14933,창전삼성아파트,126.932527,37.55158314
519,14934,임오빌딩,126.9173994,37.55877057
520,14935,월드컵경기장역,126.8983131,37.5738733
521,14936,새화빌딩,126.9134454,37.5551111
522,14937,신촌이랜드청년주택,126.9314326,37.54944274
523,14940,성산초등학교,126.9119273,37.55441974
524,14941,우리은행서교동지점,126.9175609,37.55336318
525,14942,서강쌍용아파트.광흥창역,126.9301264,37.54797196
526,14943,동교로사거리,126.9210454,37.55605972
527,14944,동교초등학교,126.9016286,37.55708966
528,14946,망원전철역,126.9102977,37.55609815
529,14947,서교동주민센터,126.9152772,37.55565038
530,14948,서강초등학교,126.9263557,37.5477462
531,14950,신부파스카아파트,126.9004729,37.55878545
532,14951,KBS미디어센터,126.8912678,37.5762495
533,14952,망원역입구,126.9072824,37.55790161
534,14953,홍대후문,126.9254084,37.54776813
535,14954,대상아파트,126.8998549,37.55965628
536,14955,월드컵파크2단지,126.8902288,37.57526275
537,14956,망원동월드컵시장,126.905989,37.55762576
538,14957,상수역,126.9223889,37.54783917
539,14958,동원데자뷰아파트,126.8994205,37.56026595
540,14959,하나은행망원동지점,126.9047035,37.55736161
541,14960,로데오거리,126.9202362,37.54793416
542,14961,마포16번종점,126.8989567,37.56092786
543,14962,서부면허시험장.월드컵파크8단지,126.8817331,37.57815695
544,14963,동교초등학교,126.9029564,37.55700155
545,14964,합정동,126.9181202,37.54760741
546,14965,마포새빛문화숲,126.9171164,37.54550986
547,14966,서일빌딩,126.9159632,37.5455541
548,14968,성우맨션,126.9142497,37.54563577
549,14969,다운교회,126.9127953,37.54573653
550,14971,월드컵경기장역,126.9001462,37.56951561
551,14972,마포구청.마포구청역,126.8995753,37.5663308
552,14976,우성아파트입구,126.9475018,37.53798007
553,14977,망원교회,126.9001617,37.55623509
554,14978,망원교회,126.9005292,37.55649582
555,14979,신촌역,126.9359752,37.55469925
556,14981,경성중고사거리,126.9157402,37.56062024
557,14982,삼진제약,126.9266707,37.55312773
558,14983,한국영화아카데미,126.9294391,37.55429814
559,14984,서교동교회,126.9194138,37.55175064
560,14985,성산2동주민센터,126.9083872,37.56802445
561,14987,월드컵파크7단지,126.879789,37.58031941
562,14988,창전삼성아파트110동,126.928674,37.54993526
563,14989,신촌역,126.9361238,37.55430194
564,14990,신촌역,126.9356256,37.5544909
565,14991,신촌농협.하나로마트,126.9332008,37.55618812
566,14992,기업은행.신촌연세병원,126.9334876,37.55316601
567,14993,세븐일레븐,126.9558999,37.54019694
568,14994,아현고개,126.9469798,37.55662043
569,14996,백합아파트,126.9009302,37.55795052
570,14997,백합아파트,126.9010706,37.55793892
